"LocID","Time","AgeGrp"
4,1995,"0-4"
4,1995,"5-9"
4,1995,"10-14"
4,1995,"15-19"
4,1995,"20-24"
4,1995,"25-29"
4,1995,"30-34"
4,1995,"35-39"
4,1995,"40-44"
4,1995,"45-49"
4,1995,"50-54"
4,1995,"55-59"
4,1995,"60-64"
4,1995,"65-69"
4,1995,"70-74"
4,1995,"75-79"
4,1995,"80-84"
4,1995,"85-89"
4,1995,"90-94"
4,1995,"95-99"
4,1995,"100+"
903,1995,"0-4"
903,1995,"5-9"
903,1995,"10-14"
903,1995,"15-19"
903,1995,"20-24"
903,1995,"25-29"
903,1995,"30-34"
903,1995,"35-39"
903,1995,"40-44"
903,1995,"45-49"
903,1995,"50-54"
903,1995,"55-59"
903,1995,"60-64"
903,1995,"65-69"
903,1995,"70-74"
903,1995,"75-79"
903,1995,"80-84"
903,1995,"85-89"
903,1995,"90-94"
903,1995,"95-99"
903,1995,"100+"
8,1995,"0-4"
8,1995,"5-9"
8,1995,"10-14"
8,1995,"15-19"
8,1995,"20-24"
8,1995,"25-29"
8,1995,"30-34"
8,1995,"35-39"
8,1995,"40-44"
8,1995,"45-49"
8,1995,"50-54"
8,1995,"55-59"
8,1995,"60-64"
8,1995,"65-69"
8,1995,"70-74"
8,1995,"75-79"
8,1995,"80-84"
8,1995,"85-89"
8,1995,"90-94"
8,1995,"95-99"
8,1995,"100+"
12,1995,"0-4"
12,1995,"5-9"
12,1995,"10-14"
12,1995,"15-19"
12,1995,"20-24"
12,1995,"25-29"
12,1995,"30-34"
12,1995,"35-39"
12,1995,"40-44"
12,1995,"45-49"
12,1995,"50-54"
12,1995,"55-59"
12,1995,"60-64"
12,1995,"65-69"
12,1995,"70-74"
12,1995,"75-79"
12,1995,"80-84"
12,1995,"85-89"
12,1995,"90-94"
12,1995,"95-99"
12,1995,"100+"
24,1995,"0-4"
24,1995,"5-9"
24,1995,"10-14"
24,1995,"15-19"
24,1995,"20-24"
24,1995,"25-29"
24,1995,"30-34"
24,1995,"35-39"
24,1995,"40-44"
24,1995,"45-49"
24,1995,"50-54"
24,1995,"55-59"
24,1995,"60-64"
24,1995,"65-69"
24,1995,"70-74"
24,1995,"75-79"
24,1995,"80-84"
24,1995,"85-89"
24,1995,"90-94"
24,1995,"95-99"
24,1995,"100+"
32,1995,"0-4"
32,1995,"5-9"
32,1995,"10-14"
32,1995,"15-19"
32,1995,"20-24"
32,1995,"25-29"
32,1995,"30-34"
32,1995,"35-39"
32,1995,"40-44"
32,1995,"45-49"
32,1995,"50-54"
32,1995,"55-59"
32,1995,"60-64"
32,1995,"65-69"
32,1995,"70-74"
32,1995,"75-79"
32,1995,"80-84"
32,1995,"85-89"
32,1995,"90-94"
32,1995,"95-99"
32,1995,"100+"
51,1995,"0-4"
51,1995,"5-9"
51,1995,"10-14"
51,1995,"15-19"
51,1995,"20-24"
51,1995,"25-29"
51,1995,"30-34"
51,1995,"35-39"
51,1995,"40-44"
51,1995,"45-49"
51,1995,"50-54"
51,1995,"55-59"
51,1995,"60-64"
51,1995,"65-69"
51,1995,"70-74"
51,1995,"75-79"
51,1995,"80-84"
51,1995,"85-89"
51,1995,"90-94"
51,1995,"95-99"
51,1995,"100+"
935,1995,"0-4"
935,1995,"5-9"
935,1995,"10-14"
935,1995,"15-19"
935,1995,"20-24"
935,1995,"25-29"
935,1995,"30-34"
935,1995,"35-39"
935,1995,"40-44"
935,1995,"45-49"
935,1995,"50-54"
935,1995,"55-59"
935,1995,"60-64"
935,1995,"65-69"
935,1995,"70-74"
935,1995,"75-79"
935,1995,"80-84"
935,1995,"85-89"
935,1995,"90-94"
935,1995,"95-99"
935,1995,"100+"
36,1995,"0-4"
36,1995,"5-9"
36,1995,"10-14"
36,1995,"15-19"
36,1995,"20-24"
36,1995,"25-29"
36,1995,"30-34"
36,1995,"35-39"
36,1995,"40-44"
36,1995,"45-49"
36,1995,"50-54"
36,1995,"55-59"
36,1995,"60-64"
36,1995,"65-69"
36,1995,"70-74"
36,1995,"75-79"
36,1995,"80-84"
36,1995,"85-89"
36,1995,"90-94"
36,1995,"95-99"
36,1995,"100+"
927,1995,"0-4"
927,1995,"5-9"
927,1995,"10-14"
927,1995,"15-19"
927,1995,"20-24"
927,1995,"25-29"
927,1995,"30-34"
927,1995,"35-39"
927,1995,"40-44"
927,1995,"45-49"
927,1995,"50-54"
927,1995,"55-59"
927,1995,"60-64"
927,1995,"65-69"
927,1995,"70-74"
927,1995,"75-79"
927,1995,"80-84"
927,1995,"85-89"
927,1995,"90-94"
927,1995,"95-99"
927,1995,"100+"
40,1995,"0-4"
40,1995,"5-9"
40,1995,"10-14"
40,1995,"15-19"
40,1995,"20-24"
40,1995,"25-29"
40,1995,"30-34"
40,1995,"35-39"
40,1995,"40-44"
40,1995,"45-49"
40,1995,"50-54"
40,1995,"55-59"
40,1995,"60-64"
40,1995,"65-69"
40,1995,"70-74"
40,1995,"75-79"
40,1995,"80-84"
40,1995,"85-89"
40,1995,"90-94"
40,1995,"95-99"
40,1995,"100+"
31,1995,"0-4"
31,1995,"5-9"
31,1995,"10-14"
31,1995,"15-19"
31,1995,"20-24"
31,1995,"25-29"
31,1995,"30-34"
31,1995,"35-39"
31,1995,"40-44"
31,1995,"45-49"
31,1995,"50-54"
31,1995,"55-59"
31,1995,"60-64"
31,1995,"65-69"
31,1995,"70-74"
31,1995,"75-79"
31,1995,"80-84"
31,1995,"85-89"
31,1995,"90-94"
31,1995,"95-99"
31,1995,"100+"
44,1995,"0-4"
44,1995,"5-9"
44,1995,"10-14"
44,1995,"15-19"
44,1995,"20-24"
44,1995,"25-29"
44,1995,"30-34"
44,1995,"35-39"
44,1995,"40-44"
44,1995,"45-49"
44,1995,"50-54"
44,1995,"55-59"
44,1995,"60-64"
44,1995,"65-69"
44,1995,"70-74"
44,1995,"75-79"
44,1995,"80-84"
44,1995,"85-89"
44,1995,"90-94"
44,1995,"95-99"
44,1995,"100+"
48,1995,"0-4"
48,1995,"5-9"
48,1995,"10-14"
48,1995,"15-19"
48,1995,"20-24"
48,1995,"25-29"
48,1995,"30-34"
48,1995,"35-39"
48,1995,"40-44"
48,1995,"45-49"
48,1995,"50-54"
48,1995,"55-59"
48,1995,"60-64"
48,1995,"65-69"
48,1995,"70-74"
48,1995,"75-79"
48,1995,"80-84"
48,1995,"85-89"
48,1995,"90-94"
48,1995,"95-99"
48,1995,"100+"
50,1995,"0-4"
50,1995,"5-9"
50,1995,"10-14"
50,1995,"15-19"
50,1995,"20-24"
50,1995,"25-29"
50,1995,"30-34"
50,1995,"35-39"
50,1995,"40-44"
50,1995,"45-49"
50,1995,"50-54"
50,1995,"55-59"
50,1995,"60-64"
50,1995,"65-69"
50,1995,"70-74"
50,1995,"75-79"
50,1995,"80-84"
50,1995,"85-89"
50,1995,"90-94"
50,1995,"95-99"
50,1995,"100+"
52,1995,"0-4"
52,1995,"5-9"
52,1995,"10-14"
52,1995,"15-19"
52,1995,"20-24"
52,1995,"25-29"
52,1995,"30-34"
52,1995,"35-39"
52,1995,"40-44"
52,1995,"45-49"
52,1995,"50-54"
52,1995,"55-59"
52,1995,"60-64"
52,1995,"65-69"
52,1995,"70-74"
52,1995,"75-79"
52,1995,"80-84"
52,1995,"85-89"
52,1995,"90-94"
52,1995,"95-99"
52,1995,"100+"
112,1995,"0-4"
112,1995,"5-9"
112,1995,"10-14"
112,1995,"15-19"
112,1995,"20-24"
112,1995,"25-29"
112,1995,"30-34"
112,1995,"35-39"
112,1995,"40-44"
112,1995,"45-49"
112,1995,"50-54"
112,1995,"55-59"
112,1995,"60-64"
112,1995,"65-69"
112,1995,"70-74"
112,1995,"75-79"
112,1995,"80-84"
112,1995,"85-89"
112,1995,"90-94"
112,1995,"95-99"
112,1995,"100+"
56,1995,"0-4"
56,1995,"5-9"
56,1995,"10-14"
56,1995,"15-19"
56,1995,"20-24"
56,1995,"25-29"
56,1995,"30-34"
56,1995,"35-39"
56,1995,"40-44"
56,1995,"45-49"
56,1995,"50-54"
56,1995,"55-59"
56,1995,"60-64"
56,1995,"65-69"
56,1995,"70-74"
56,1995,"75-79"
56,1995,"80-84"
56,1995,"85-89"
56,1995,"90-94"
56,1995,"95-99"
56,1995,"100+"
84,1995,"0-4"
84,1995,"5-9"
84,1995,"10-14"
84,1995,"15-19"
84,1995,"20-24"
84,1995,"25-29"
84,1995,"30-34"
84,1995,"35-39"
84,1995,"40-44"
84,1995,"45-49"
84,1995,"50-54"
84,1995,"55-59"
84,1995,"60-64"
84,1995,"65-69"
84,1995,"70-74"
84,1995,"75-79"
84,1995,"80-84"
84,1995,"85-89"
84,1995,"90-94"
84,1995,"95-99"
84,1995,"100+"
204,1995,"0-4"
204,1995,"5-9"
204,1995,"10-14"
204,1995,"15-19"
204,1995,"20-24"
204,1995,"25-29"
204,1995,"30-34"
204,1995,"35-39"
204,1995,"40-44"
204,1995,"45-49"
204,1995,"50-54"
204,1995,"55-59"
204,1995,"60-64"
204,1995,"65-69"
204,1995,"70-74"
204,1995,"75-79"
204,1995,"80-84"
204,1995,"85-89"
204,1995,"90-94"
204,1995,"95-99"
204,1995,"100+"
64,1995,"0-4"
64,1995,"5-9"
64,1995,"10-14"
64,1995,"15-19"
64,1995,"20-24"
64,1995,"25-29"
64,1995,"30-34"
64,1995,"35-39"
64,1995,"40-44"
64,1995,"45-49"
64,1995,"50-54"
64,1995,"55-59"
64,1995,"60-64"
64,1995,"65-69"
64,1995,"70-74"
64,1995,"75-79"
64,1995,"80-84"
64,1995,"85-89"
64,1995,"90-94"
64,1995,"95-99"
64,1995,"100+"
68,1995,"0-4"
68,1995,"5-9"
68,1995,"10-14"
68,1995,"15-19"
68,1995,"20-24"
68,1995,"25-29"
68,1995,"30-34"
68,1995,"35-39"
68,1995,"40-44"
68,1995,"45-49"
68,1995,"50-54"
68,1995,"55-59"
68,1995,"60-64"
68,1995,"65-69"
68,1995,"70-74"
68,1995,"75-79"
68,1995,"80-84"
68,1995,"85-89"
68,1995,"90-94"
68,1995,"95-99"
68,1995,"100+"
70,1995,"0-4"
70,1995,"5-9"
70,1995,"10-14"
70,1995,"15-19"
70,1995,"20-24"
70,1995,"25-29"
70,1995,"30-34"
70,1995,"35-39"
70,1995,"40-44"
70,1995,"45-49"
70,1995,"50-54"
70,1995,"55-59"
70,1995,"60-64"
70,1995,"65-69"
70,1995,"70-74"
70,1995,"75-79"
70,1995,"80-84"
70,1995,"85-89"
70,1995,"90-94"
70,1995,"95-99"
70,1995,"100+"
72,1995,"0-4"
72,1995,"5-9"
72,1995,"10-14"
72,1995,"15-19"
72,1995,"20-24"
72,1995,"25-29"
72,1995,"30-34"
72,1995,"35-39"
72,1995,"40-44"
72,1995,"45-49"
72,1995,"50-54"
72,1995,"55-59"
72,1995,"60-64"
72,1995,"65-69"
72,1995,"70-74"
72,1995,"75-79"
72,1995,"80-84"
72,1995,"85-89"
72,1995,"90-94"
72,1995,"95-99"
72,1995,"100+"
76,1995,"0-4"
76,1995,"5-9"
76,1995,"10-14"
76,1995,"15-19"
76,1995,"20-24"
76,1995,"25-29"
76,1995,"30-34"
76,1995,"35-39"
76,1995,"40-44"
76,1995,"45-49"
76,1995,"50-54"
76,1995,"55-59"
76,1995,"60-64"
76,1995,"65-69"
76,1995,"70-74"
76,1995,"75-79"
76,1995,"80-84"
76,1995,"85-89"
76,1995,"90-94"
76,1995,"95-99"
76,1995,"100+"
96,1995,"0-4"
96,1995,"5-9"
96,1995,"10-14"
96,1995,"15-19"
96,1995,"20-24"
96,1995,"25-29"
96,1995,"30-34"
96,1995,"35-39"
96,1995,"40-44"
96,1995,"45-49"
96,1995,"50-54"
96,1995,"55-59"
96,1995,"60-64"
96,1995,"65-69"
96,1995,"70-74"
96,1995,"75-79"
96,1995,"80-84"
96,1995,"85-89"
96,1995,"90-94"
96,1995,"95-99"
96,1995,"100+"
100,1995,"0-4"
100,1995,"5-9"
100,1995,"10-14"
100,1995,"15-19"
100,1995,"20-24"
100,1995,"25-29"
100,1995,"30-34"
100,1995,"35-39"
100,1995,"40-44"
100,1995,"45-49"
100,1995,"50-54"
100,1995,"55-59"
100,1995,"60-64"
100,1995,"65-69"
100,1995,"70-74"
100,1995,"75-79"
100,1995,"80-84"
100,1995,"85-89"
100,1995,"90-94"
100,1995,"95-99"
100,1995,"100+"
854,1995,"0-4"
854,1995,"5-9"
854,1995,"10-14"
854,1995,"15-19"
854,1995,"20-24"
854,1995,"25-29"
854,1995,"30-34"
854,1995,"35-39"
854,1995,"40-44"
854,1995,"45-49"
854,1995,"50-54"
854,1995,"55-59"
854,1995,"60-64"
854,1995,"65-69"
854,1995,"70-74"
854,1995,"75-79"
854,1995,"80-84"
854,1995,"85-89"
854,1995,"90-94"
854,1995,"95-99"
854,1995,"100+"
108,1995,"0-4"
108,1995,"5-9"
108,1995,"10-14"
108,1995,"15-19"
108,1995,"20-24"
108,1995,"25-29"
108,1995,"30-34"
108,1995,"35-39"
108,1995,"40-44"
108,1995,"45-49"
108,1995,"50-54"
108,1995,"55-59"
108,1995,"60-64"
108,1995,"65-69"
108,1995,"70-74"
108,1995,"75-79"
108,1995,"80-84"
108,1995,"85-89"
108,1995,"90-94"
108,1995,"95-99"
108,1995,"100+"
132,1995,"0-4"
132,1995,"5-9"
132,1995,"10-14"
132,1995,"15-19"
132,1995,"20-24"
132,1995,"25-29"
132,1995,"30-34"
132,1995,"35-39"
132,1995,"40-44"
132,1995,"45-49"
132,1995,"50-54"
132,1995,"55-59"
132,1995,"60-64"
132,1995,"65-69"
132,1995,"70-74"
132,1995,"75-79"
132,1995,"80-84"
132,1995,"85-89"
132,1995,"90-94"
132,1995,"95-99"
132,1995,"100+"
116,1995,"0-4"
116,1995,"5-9"
116,1995,"10-14"
116,1995,"15-19"
116,1995,"20-24"
116,1995,"25-29"
116,1995,"30-34"
116,1995,"35-39"
116,1995,"40-44"
116,1995,"45-49"
116,1995,"50-54"
116,1995,"55-59"
116,1995,"60-64"
116,1995,"65-69"
116,1995,"70-74"
116,1995,"75-79"
116,1995,"80-84"
116,1995,"85-89"
116,1995,"90-94"
116,1995,"95-99"
116,1995,"100+"
120,1995,"0-4"
120,1995,"5-9"
120,1995,"10-14"
120,1995,"15-19"
120,1995,"20-24"
120,1995,"25-29"
120,1995,"30-34"
120,1995,"35-39"
120,1995,"40-44"
120,1995,"45-49"
120,1995,"50-54"
120,1995,"55-59"
120,1995,"60-64"
120,1995,"65-69"
120,1995,"70-74"
120,1995,"75-79"
120,1995,"80-84"
120,1995,"85-89"
120,1995,"90-94"
120,1995,"95-99"
120,1995,"100+"
124,1995,"0-4"
124,1995,"5-9"
124,1995,"10-14"
124,1995,"15-19"
124,1995,"20-24"
124,1995,"25-29"
124,1995,"30-34"
124,1995,"35-39"
124,1995,"40-44"
124,1995,"45-49"
124,1995,"50-54"
124,1995,"55-59"
124,1995,"60-64"
124,1995,"65-69"
124,1995,"70-74"
124,1995,"75-79"
124,1995,"80-84"
124,1995,"85-89"
124,1995,"90-94"
124,1995,"95-99"
124,1995,"100+"
915,1995,"0-4"
915,1995,"5-9"
915,1995,"10-14"
915,1995,"15-19"
915,1995,"20-24"
915,1995,"25-29"
915,1995,"30-34"
915,1995,"35-39"
915,1995,"40-44"
915,1995,"45-49"
915,1995,"50-54"
915,1995,"55-59"
915,1995,"60-64"
915,1995,"65-69"
915,1995,"70-74"
915,1995,"75-79"
915,1995,"80-84"
915,1995,"85-89"
915,1995,"90-94"
915,1995,"95-99"
915,1995,"100+"
140,1995,"0-4"
140,1995,"5-9"
140,1995,"10-14"
140,1995,"15-19"
140,1995,"20-24"
140,1995,"25-29"
140,1995,"30-34"
140,1995,"35-39"
140,1995,"40-44"
140,1995,"45-49"
140,1995,"50-54"
140,1995,"55-59"
140,1995,"60-64"
140,1995,"65-69"
140,1995,"70-74"
140,1995,"75-79"
140,1995,"80-84"
140,1995,"85-89"
140,1995,"90-94"
140,1995,"95-99"
140,1995,"100+"
916,1995,"0-4"
916,1995,"5-9"
916,1995,"10-14"
916,1995,"15-19"
916,1995,"20-24"
916,1995,"25-29"
916,1995,"30-34"
916,1995,"35-39"
916,1995,"40-44"
916,1995,"45-49"
916,1995,"50-54"
916,1995,"55-59"
916,1995,"60-64"
916,1995,"65-69"
916,1995,"70-74"
916,1995,"75-79"
916,1995,"80-84"
916,1995,"85-89"
916,1995,"90-94"
916,1995,"95-99"
916,1995,"100+"
148,1995,"0-4"
148,1995,"5-9"
148,1995,"10-14"
148,1995,"15-19"
148,1995,"20-24"
148,1995,"25-29"
148,1995,"30-34"
148,1995,"35-39"
148,1995,"40-44"
148,1995,"45-49"
148,1995,"50-54"
148,1995,"55-59"
148,1995,"60-64"
148,1995,"65-69"
148,1995,"70-74"
148,1995,"75-79"
148,1995,"80-84"
148,1995,"85-89"
148,1995,"90-94"
148,1995,"95-99"
148,1995,"100+"
152,1995,"0-4"
152,1995,"5-9"
152,1995,"10-14"
152,1995,"15-19"
152,1995,"20-24"
152,1995,"25-29"
152,1995,"30-34"
152,1995,"35-39"
152,1995,"40-44"
152,1995,"45-49"
152,1995,"50-54"
152,1995,"55-59"
152,1995,"60-64"
152,1995,"65-69"
152,1995,"70-74"
152,1995,"75-79"
152,1995,"80-84"
152,1995,"85-89"
152,1995,"90-94"
152,1995,"95-99"
152,1995,"100+"
156,1995,"0-4"
156,1995,"5-9"
156,1995,"10-14"
156,1995,"15-19"
156,1995,"20-24"
156,1995,"25-29"
156,1995,"30-34"
156,1995,"35-39"
156,1995,"40-44"
156,1995,"45-49"
156,1995,"50-54"
156,1995,"55-59"
156,1995,"60-64"
156,1995,"65-69"
156,1995,"70-74"
156,1995,"75-79"
156,1995,"80-84"
156,1995,"85-89"
156,1995,"90-94"
156,1995,"95-99"
156,1995,"100+"
344,1995,"0-4"
344,1995,"5-9"
344,1995,"10-14"
344,1995,"15-19"
344,1995,"20-24"
344,1995,"25-29"
344,1995,"30-34"
344,1995,"35-39"
344,1995,"40-44"
344,1995,"45-49"
344,1995,"50-54"
344,1995,"55-59"
344,1995,"60-64"
344,1995,"65-69"
344,1995,"70-74"
344,1995,"75-79"
344,1995,"80-84"
344,1995,"85-89"
344,1995,"90-94"
344,1995,"95-99"
344,1995,"100+"
446,1995,"0-4"
446,1995,"5-9"
446,1995,"10-14"
446,1995,"15-19"
446,1995,"20-24"
446,1995,"25-29"
446,1995,"30-34"
446,1995,"35-39"
446,1995,"40-44"
446,1995,"45-49"
446,1995,"50-54"
446,1995,"55-59"
446,1995,"60-64"
446,1995,"65-69"
446,1995,"70-74"
446,1995,"75-79"
446,1995,"80-84"
446,1995,"85-89"
446,1995,"90-94"
446,1995,"95-99"
446,1995,"100+"
170,1995,"0-4"
170,1995,"5-9"
170,1995,"10-14"
170,1995,"15-19"
170,1995,"20-24"
170,1995,"25-29"
170,1995,"30-34"
170,1995,"35-39"
170,1995,"40-44"
170,1995,"45-49"
170,1995,"50-54"
170,1995,"55-59"
170,1995,"60-64"
170,1995,"65-69"
170,1995,"70-74"
170,1995,"75-79"
170,1995,"80-84"
170,1995,"85-89"
170,1995,"90-94"
170,1995,"95-99"
170,1995,"100+"
174,1995,"0-4"
174,1995,"5-9"
174,1995,"10-14"
174,1995,"15-19"
174,1995,"20-24"
174,1995,"25-29"
174,1995,"30-34"
174,1995,"35-39"
174,1995,"40-44"
174,1995,"45-49"
174,1995,"50-54"
174,1995,"55-59"
174,1995,"60-64"
174,1995,"65-69"
174,1995,"70-74"
174,1995,"75-79"
174,1995,"80-84"
174,1995,"85-89"
174,1995,"90-94"
174,1995,"95-99"
174,1995,"100+"
178,1995,"0-4"
178,1995,"5-9"
178,1995,"10-14"
178,1995,"15-19"
178,1995,"20-24"
178,1995,"25-29"
178,1995,"30-34"
178,1995,"35-39"
178,1995,"40-44"
178,1995,"45-49"
178,1995,"50-54"
178,1995,"55-59"
178,1995,"60-64"
178,1995,"65-69"
178,1995,"70-74"
178,1995,"75-79"
178,1995,"80-84"
178,1995,"85-89"
178,1995,"90-94"
178,1995,"95-99"
178,1995,"100+"
188,1995,"0-4"
188,1995,"5-9"
188,1995,"10-14"
188,1995,"15-19"
188,1995,"20-24"
188,1995,"25-29"
188,1995,"30-34"
188,1995,"35-39"
188,1995,"40-44"
188,1995,"45-49"
188,1995,"50-54"
188,1995,"55-59"
188,1995,"60-64"
188,1995,"65-69"
188,1995,"70-74"
188,1995,"75-79"
188,1995,"80-84"
188,1995,"85-89"
188,1995,"90-94"
188,1995,"95-99"
188,1995,"100+"
191,1995,"0-4"
191,1995,"5-9"
191,1995,"10-14"
191,1995,"15-19"
191,1995,"20-24"
191,1995,"25-29"
191,1995,"30-34"
191,1995,"35-39"
191,1995,"40-44"
191,1995,"45-49"
191,1995,"50-54"
191,1995,"55-59"
191,1995,"60-64"
191,1995,"65-69"
191,1995,"70-74"
191,1995,"75-79"
191,1995,"80-84"
191,1995,"85-89"
191,1995,"90-94"
191,1995,"95-99"
191,1995,"100+"
192,1995,"0-4"
192,1995,"5-9"
192,1995,"10-14"
192,1995,"15-19"
192,1995,"20-24"
192,1995,"25-29"
192,1995,"30-34"
192,1995,"35-39"
192,1995,"40-44"
192,1995,"45-49"
192,1995,"50-54"
192,1995,"55-59"
192,1995,"60-64"
192,1995,"65-69"
192,1995,"70-74"
192,1995,"75-79"
192,1995,"80-84"
192,1995,"85-89"
192,1995,"90-94"
192,1995,"95-99"
192,1995,"100+"
196,1995,"0-4"
196,1995,"5-9"
196,1995,"10-14"
196,1995,"15-19"
196,1995,"20-24"
196,1995,"25-29"
196,1995,"30-34"
196,1995,"35-39"
196,1995,"40-44"
196,1995,"45-49"
196,1995,"50-54"
196,1995,"55-59"
196,1995,"60-64"
196,1995,"65-69"
196,1995,"70-74"
196,1995,"75-79"
196,1995,"80-84"
196,1995,"85-89"
196,1995,"90-94"
196,1995,"95-99"
196,1995,"100+"
203,1995,"0-4"
203,1995,"5-9"
203,1995,"10-14"
203,1995,"15-19"
203,1995,"20-24"
203,1995,"25-29"
203,1995,"30-34"
203,1995,"35-39"
203,1995,"40-44"
203,1995,"45-49"
203,1995,"50-54"
203,1995,"55-59"
203,1995,"60-64"
203,1995,"65-69"
203,1995,"70-74"
203,1995,"75-79"
203,1995,"80-84"
203,1995,"85-89"
203,1995,"90-94"
203,1995,"95-99"
203,1995,"100+"
384,1995,"0-4"
384,1995,"5-9"
384,1995,"10-14"
384,1995,"15-19"
384,1995,"20-24"
384,1995,"25-29"
384,1995,"30-34"
384,1995,"35-39"
384,1995,"40-44"
384,1995,"45-49"
384,1995,"50-54"
384,1995,"55-59"
384,1995,"60-64"
384,1995,"65-69"
384,1995,"70-74"
384,1995,"75-79"
384,1995,"80-84"
384,1995,"85-89"
384,1995,"90-94"
384,1995,"95-99"
384,1995,"100+"
408,1995,"0-4"
408,1995,"5-9"
408,1995,"10-14"
408,1995,"15-19"
408,1995,"20-24"
408,1995,"25-29"
408,1995,"30-34"
408,1995,"35-39"
408,1995,"40-44"
408,1995,"45-49"
408,1995,"50-54"
408,1995,"55-59"
408,1995,"60-64"
408,1995,"65-69"
408,1995,"70-74"
408,1995,"75-79"
408,1995,"80-84"
408,1995,"85-89"
408,1995,"90-94"
408,1995,"95-99"
408,1995,"100+"
180,1995,"0-4"
180,1995,"5-9"
180,1995,"10-14"
180,1995,"15-19"
180,1995,"20-24"
180,1995,"25-29"
180,1995,"30-34"
180,1995,"35-39"
180,1995,"40-44"
180,1995,"45-49"
180,1995,"50-54"
180,1995,"55-59"
180,1995,"60-64"
180,1995,"65-69"
180,1995,"70-74"
180,1995,"75-79"
180,1995,"80-84"
180,1995,"85-89"
180,1995,"90-94"
180,1995,"95-99"
180,1995,"100+"
208,1995,"0-4"
208,1995,"5-9"
208,1995,"10-14"
208,1995,"15-19"
208,1995,"20-24"
208,1995,"25-29"
208,1995,"30-34"
208,1995,"35-39"
208,1995,"40-44"
208,1995,"45-49"
208,1995,"50-54"
208,1995,"55-59"
208,1995,"60-64"
208,1995,"65-69"
208,1995,"70-74"
208,1995,"75-79"
208,1995,"80-84"
208,1995,"85-89"
208,1995,"90-94"
208,1995,"95-99"
208,1995,"100+"
262,1995,"0-4"
262,1995,"5-9"
262,1995,"10-14"
262,1995,"15-19"
262,1995,"20-24"
262,1995,"25-29"
262,1995,"30-34"
262,1995,"35-39"
262,1995,"40-44"
262,1995,"45-49"
262,1995,"50-54"
262,1995,"55-59"
262,1995,"60-64"
262,1995,"65-69"
262,1995,"70-74"
262,1995,"75-79"
262,1995,"80-84"
262,1995,"85-89"
262,1995,"90-94"
262,1995,"95-99"
262,1995,"100+"
214,1995,"0-4"
214,1995,"5-9"
214,1995,"10-14"
214,1995,"15-19"
214,1995,"20-24"
214,1995,"25-29"
214,1995,"30-34"
214,1995,"35-39"
214,1995,"40-44"
214,1995,"45-49"
214,1995,"50-54"
214,1995,"55-59"
214,1995,"60-64"
214,1995,"65-69"
214,1995,"70-74"
214,1995,"75-79"
214,1995,"80-84"
214,1995,"85-89"
214,1995,"90-94"
214,1995,"95-99"
214,1995,"100+"
910,1995,"0-4"
910,1995,"5-9"
910,1995,"10-14"
910,1995,"15-19"
910,1995,"20-24"
910,1995,"25-29"
910,1995,"30-34"
910,1995,"35-39"
910,1995,"40-44"
910,1995,"45-49"
910,1995,"50-54"
910,1995,"55-59"
910,1995,"60-64"
910,1995,"65-69"
910,1995,"70-74"
910,1995,"75-79"
910,1995,"80-84"
910,1995,"85-89"
910,1995,"90-94"
910,1995,"95-99"
910,1995,"100+"
906,1995,"0-4"
906,1995,"5-9"
906,1995,"10-14"
906,1995,"15-19"
906,1995,"20-24"
906,1995,"25-29"
906,1995,"30-34"
906,1995,"35-39"
906,1995,"40-44"
906,1995,"45-49"
906,1995,"50-54"
906,1995,"55-59"
906,1995,"60-64"
906,1995,"65-69"
906,1995,"70-74"
906,1995,"75-79"
906,1995,"80-84"
906,1995,"85-89"
906,1995,"90-94"
906,1995,"95-99"
906,1995,"100+"
923,1995,"0-4"
923,1995,"5-9"
923,1995,"10-14"
923,1995,"15-19"
923,1995,"20-24"
923,1995,"25-29"
923,1995,"30-34"
923,1995,"35-39"
923,1995,"40-44"
923,1995,"45-49"
923,1995,"50-54"
923,1995,"55-59"
923,1995,"60-64"
923,1995,"65-69"
923,1995,"70-74"
923,1995,"75-79"
923,1995,"80-84"
923,1995,"85-89"
923,1995,"90-94"
923,1995,"95-99"
923,1995,"100+"
218,1995,"0-4"
218,1995,"5-9"
218,1995,"10-14"
218,1995,"15-19"
218,1995,"20-24"
218,1995,"25-29"
218,1995,"30-34"
218,1995,"35-39"
218,1995,"40-44"
218,1995,"45-49"
218,1995,"50-54"
218,1995,"55-59"
218,1995,"60-64"
218,1995,"65-69"
218,1995,"70-74"
218,1995,"75-79"
218,1995,"80-84"
218,1995,"85-89"
218,1995,"90-94"
218,1995,"95-99"
218,1995,"100+"
818,1995,"0-4"
818,1995,"5-9"
818,1995,"10-14"
818,1995,"15-19"
818,1995,"20-24"
818,1995,"25-29"
818,1995,"30-34"
818,1995,"35-39"
818,1995,"40-44"
818,1995,"45-49"
818,1995,"50-54"
818,1995,"55-59"
818,1995,"60-64"
818,1995,"65-69"
818,1995,"70-74"
818,1995,"75-79"
818,1995,"80-84"
818,1995,"85-89"
818,1995,"90-94"
818,1995,"95-99"
818,1995,"100+"
222,1995,"0-4"
222,1995,"5-9"
222,1995,"10-14"
222,1995,"15-19"
222,1995,"20-24"
222,1995,"25-29"
222,1995,"30-34"
222,1995,"35-39"
222,1995,"40-44"
222,1995,"45-49"
222,1995,"50-54"
222,1995,"55-59"
222,1995,"60-64"
222,1995,"65-69"
222,1995,"70-74"
222,1995,"75-79"
222,1995,"80-84"
222,1995,"85-89"
222,1995,"90-94"
222,1995,"95-99"
222,1995,"100+"
226,1995,"0-4"
226,1995,"5-9"
226,1995,"10-14"
226,1995,"15-19"
226,1995,"20-24"
226,1995,"25-29"
226,1995,"30-34"
226,1995,"35-39"
226,1995,"40-44"
226,1995,"45-49"
226,1995,"50-54"
226,1995,"55-59"
226,1995,"60-64"
226,1995,"65-69"
226,1995,"70-74"
226,1995,"75-79"
226,1995,"80-84"
226,1995,"85-89"
226,1995,"90-94"
226,1995,"95-99"
226,1995,"100+"
232,1995,"0-4"
232,1995,"5-9"
232,1995,"10-14"
232,1995,"15-19"
232,1995,"20-24"
232,1995,"25-29"
232,1995,"30-34"
232,1995,"35-39"
232,1995,"40-44"
232,1995,"45-49"
232,1995,"50-54"
232,1995,"55-59"
232,1995,"60-64"
232,1995,"65-69"
232,1995,"70-74"
232,1995,"75-79"
232,1995,"80-84"
232,1995,"85-89"
232,1995,"90-94"
232,1995,"95-99"
232,1995,"100+"
233,1995,"0-4"
233,1995,"5-9"
233,1995,"10-14"
233,1995,"15-19"
233,1995,"20-24"
233,1995,"25-29"
233,1995,"30-34"
233,1995,"35-39"
233,1995,"40-44"
233,1995,"45-49"
233,1995,"50-54"
233,1995,"55-59"
233,1995,"60-64"
233,1995,"65-69"
233,1995,"70-74"
233,1995,"75-79"
233,1995,"80-84"
233,1995,"85-89"
233,1995,"90-94"
233,1995,"95-99"
233,1995,"100+"
231,1995,"0-4"
231,1995,"5-9"
231,1995,"10-14"
231,1995,"15-19"
231,1995,"20-24"
231,1995,"25-29"
231,1995,"30-34"
231,1995,"35-39"
231,1995,"40-44"
231,1995,"45-49"
231,1995,"50-54"
231,1995,"55-59"
231,1995,"60-64"
231,1995,"65-69"
231,1995,"70-74"
231,1995,"75-79"
231,1995,"80-84"
231,1995,"85-89"
231,1995,"90-94"
231,1995,"95-99"
231,1995,"100+"
908,1995,"0-4"
908,1995,"5-9"
908,1995,"10-14"
908,1995,"15-19"
908,1995,"20-24"
908,1995,"25-29"
908,1995,"30-34"
908,1995,"35-39"
908,1995,"40-44"
908,1995,"45-49"
908,1995,"50-54"
908,1995,"55-59"
908,1995,"60-64"
908,1995,"65-69"
908,1995,"70-74"
908,1995,"75-79"
908,1995,"80-84"
908,1995,"85-89"
908,1995,"90-94"
908,1995,"95-99"
908,1995,"100+"
242,1995,"0-4"
242,1995,"5-9"
242,1995,"10-14"
242,1995,"15-19"
242,1995,"20-24"
242,1995,"25-29"
242,1995,"30-34"
242,1995,"35-39"
242,1995,"40-44"
242,1995,"45-49"
242,1995,"50-54"
242,1995,"55-59"
242,1995,"60-64"
242,1995,"65-69"
242,1995,"70-74"
242,1995,"75-79"
242,1995,"80-84"
242,1995,"85-89"
242,1995,"90-94"
242,1995,"95-99"
242,1995,"100+"
246,1995,"0-4"
246,1995,"5-9"
246,1995,"10-14"
246,1995,"15-19"
246,1995,"20-24"
246,1995,"25-29"
246,1995,"30-34"
246,1995,"35-39"
246,1995,"40-44"
246,1995,"45-49"
246,1995,"50-54"
246,1995,"55-59"
246,1995,"60-64"
246,1995,"65-69"
246,1995,"70-74"
246,1995,"75-79"
246,1995,"80-84"
246,1995,"85-89"
246,1995,"90-94"
246,1995,"95-99"
246,1995,"100+"
250,1995,"0-4"
250,1995,"5-9"
250,1995,"10-14"
250,1995,"15-19"
250,1995,"20-24"
250,1995,"25-29"
250,1995,"30-34"
250,1995,"35-39"
250,1995,"40-44"
250,1995,"45-49"
250,1995,"50-54"
250,1995,"55-59"
250,1995,"60-64"
250,1995,"65-69"
250,1995,"70-74"
250,1995,"75-79"
250,1995,"80-84"
250,1995,"85-89"
250,1995,"90-94"
250,1995,"95-99"
250,1995,"100+"
258,1995,"0-4"
258,1995,"5-9"
258,1995,"10-14"
258,1995,"15-19"
258,1995,"20-24"
258,1995,"25-29"
258,1995,"30-34"
258,1995,"35-39"
258,1995,"40-44"
258,1995,"45-49"
258,1995,"50-54"
258,1995,"55-59"
258,1995,"60-64"
258,1995,"65-69"
258,1995,"70-74"
258,1995,"75-79"
258,1995,"80-84"
258,1995,"85-89"
258,1995,"90-94"
258,1995,"95-99"
258,1995,"100+"
266,1995,"0-4"
266,1995,"5-9"
266,1995,"10-14"
266,1995,"15-19"
266,1995,"20-24"
266,1995,"25-29"
266,1995,"30-34"
266,1995,"35-39"
266,1995,"40-44"
266,1995,"45-49"
266,1995,"50-54"
266,1995,"55-59"
266,1995,"60-64"
266,1995,"65-69"
266,1995,"70-74"
266,1995,"75-79"
266,1995,"80-84"
266,1995,"85-89"
266,1995,"90-94"
266,1995,"95-99"
266,1995,"100+"
270,1995,"0-4"
270,1995,"5-9"
270,1995,"10-14"
270,1995,"15-19"
270,1995,"20-24"
270,1995,"25-29"
270,1995,"30-34"
270,1995,"35-39"
270,1995,"40-44"
270,1995,"45-49"
270,1995,"50-54"
270,1995,"55-59"
270,1995,"60-64"
270,1995,"65-69"
270,1995,"70-74"
270,1995,"75-79"
270,1995,"80-84"
270,1995,"85-89"
270,1995,"90-94"
270,1995,"95-99"
270,1995,"100+"
268,1995,"0-4"
268,1995,"5-9"
268,1995,"10-14"
268,1995,"15-19"
268,1995,"20-24"
268,1995,"25-29"
268,1995,"30-34"
268,1995,"35-39"
268,1995,"40-44"
268,1995,"45-49"
268,1995,"50-54"
268,1995,"55-59"
268,1995,"60-64"
268,1995,"65-69"
268,1995,"70-74"
268,1995,"75-79"
268,1995,"80-84"
268,1995,"85-89"
268,1995,"90-94"
268,1995,"95-99"
268,1995,"100+"
276,1995,"0-4"
276,1995,"5-9"
276,1995,"10-14"
276,1995,"15-19"
276,1995,"20-24"
276,1995,"25-29"
276,1995,"30-34"
276,1995,"35-39"
276,1995,"40-44"
276,1995,"45-49"
276,1995,"50-54"
276,1995,"55-59"
276,1995,"60-64"
276,1995,"65-69"
276,1995,"70-74"
276,1995,"75-79"
276,1995,"80-84"
276,1995,"85-89"
276,1995,"90-94"
276,1995,"95-99"
276,1995,"100+"
288,1995,"0-4"
288,1995,"5-9"
288,1995,"10-14"
288,1995,"15-19"
288,1995,"20-24"
288,1995,"25-29"
288,1995,"30-34"
288,1995,"35-39"
288,1995,"40-44"
288,1995,"45-49"
288,1995,"50-54"
288,1995,"55-59"
288,1995,"60-64"
288,1995,"65-69"
288,1995,"70-74"
288,1995,"75-79"
288,1995,"80-84"
288,1995,"85-89"
288,1995,"90-94"
288,1995,"95-99"
288,1995,"100+"
300,1995,"0-4"
300,1995,"5-9"
300,1995,"10-14"
300,1995,"15-19"
300,1995,"20-24"
300,1995,"25-29"
300,1995,"30-34"
300,1995,"35-39"
300,1995,"40-44"
300,1995,"45-49"
300,1995,"50-54"
300,1995,"55-59"
300,1995,"60-64"
300,1995,"65-69"
300,1995,"70-74"
300,1995,"75-79"
300,1995,"80-84"
300,1995,"85-89"
300,1995,"90-94"
300,1995,"95-99"
300,1995,"100+"
312,1995,"0-4"
312,1995,"5-9"
312,1995,"10-14"
312,1995,"15-19"
312,1995,"20-24"
312,1995,"25-29"
312,1995,"30-34"
312,1995,"35-39"
312,1995,"40-44"
312,1995,"45-49"
312,1995,"50-54"
312,1995,"55-59"
312,1995,"60-64"
312,1995,"65-69"
312,1995,"70-74"
312,1995,"75-79"
312,1995,"80-84"
312,1995,"85-89"
312,1995,"90-94"
312,1995,"95-99"
312,1995,"100+"
316,1995,"0-4"
316,1995,"5-9"
316,1995,"10-14"
316,1995,"15-19"
316,1995,"20-24"
316,1995,"25-29"
316,1995,"30-34"
316,1995,"35-39"
316,1995,"40-44"
316,1995,"45-49"
316,1995,"50-54"
316,1995,"55-59"
316,1995,"60-64"
316,1995,"65-69"
316,1995,"70-74"
316,1995,"75-79"
316,1995,"80-84"
316,1995,"85-89"
316,1995,"90-94"
316,1995,"95-99"
316,1995,"100+"
320,1995,"0-4"
320,1995,"5-9"
320,1995,"10-14"
320,1995,"15-19"
320,1995,"20-24"
320,1995,"25-29"
320,1995,"30-34"
320,1995,"35-39"
320,1995,"40-44"
320,1995,"45-49"
320,1995,"50-54"
320,1995,"55-59"
320,1995,"60-64"
320,1995,"65-69"
320,1995,"70-74"
320,1995,"75-79"
320,1995,"80-84"
320,1995,"85-89"
320,1995,"90-94"
320,1995,"95-99"
320,1995,"100+"
324,1995,"0-4"
324,1995,"5-9"
324,1995,"10-14"
324,1995,"15-19"
324,1995,"20-24"
324,1995,"25-29"
324,1995,"30-34"
324,1995,"35-39"
324,1995,"40-44"
324,1995,"45-49"
324,1995,"50-54"
324,1995,"55-59"
324,1995,"60-64"
324,1995,"65-69"
324,1995,"70-74"
324,1995,"75-79"
324,1995,"80-84"
324,1995,"85-89"
324,1995,"90-94"
324,1995,"95-99"
324,1995,"100+"
624,1995,"0-4"
624,1995,"5-9"
624,1995,"10-14"
624,1995,"15-19"
624,1995,"20-24"
624,1995,"25-29"
624,1995,"30-34"
624,1995,"35-39"
624,1995,"40-44"
624,1995,"45-49"
624,1995,"50-54"
624,1995,"55-59"
624,1995,"60-64"
624,1995,"65-69"
624,1995,"70-74"
624,1995,"75-79"
624,1995,"80-84"
624,1995,"85-89"
624,1995,"90-94"
624,1995,"95-99"
624,1995,"100+"
328,1995,"0-4"
328,1995,"5-9"
328,1995,"10-14"
328,1995,"15-19"
328,1995,"20-24"
328,1995,"25-29"
328,1995,"30-34"
328,1995,"35-39"
328,1995,"40-44"
328,1995,"45-49"
328,1995,"50-54"
328,1995,"55-59"
328,1995,"60-64"
328,1995,"65-69"
328,1995,"70-74"
328,1995,"75-79"
328,1995,"80-84"
328,1995,"85-89"
328,1995,"90-94"
328,1995,"95-99"
328,1995,"100+"
332,1995,"0-4"
332,1995,"5-9"
332,1995,"10-14"
332,1995,"15-19"
332,1995,"20-24"
332,1995,"25-29"
332,1995,"30-34"
332,1995,"35-39"
332,1995,"40-44"
332,1995,"45-49"
332,1995,"50-54"
332,1995,"55-59"
332,1995,"60-64"
332,1995,"65-69"
332,1995,"70-74"
332,1995,"75-79"
332,1995,"80-84"
332,1995,"85-89"
332,1995,"90-94"
332,1995,"95-99"
332,1995,"100+"
340,1995,"0-4"
340,1995,"5-9"
340,1995,"10-14"
340,1995,"15-19"
340,1995,"20-24"
340,1995,"25-29"
340,1995,"30-34"
340,1995,"35-39"
340,1995,"40-44"
340,1995,"45-49"
340,1995,"50-54"
340,1995,"55-59"
340,1995,"60-64"
340,1995,"65-69"
340,1995,"70-74"
340,1995,"75-79"
340,1995,"80-84"
340,1995,"85-89"
340,1995,"90-94"
340,1995,"95-99"
340,1995,"100+"
348,1995,"0-4"
348,1995,"5-9"
348,1995,"10-14"
348,1995,"15-19"
348,1995,"20-24"
348,1995,"25-29"
348,1995,"30-34"
348,1995,"35-39"
348,1995,"40-44"
348,1995,"45-49"
348,1995,"50-54"
348,1995,"55-59"
348,1995,"60-64"
348,1995,"65-69"
348,1995,"70-74"
348,1995,"75-79"
348,1995,"80-84"
348,1995,"85-89"
348,1995,"90-94"
348,1995,"95-99"
348,1995,"100+"
352,1995,"0-4"
352,1995,"5-9"
352,1995,"10-14"
352,1995,"15-19"
352,1995,"20-24"
352,1995,"25-29"
352,1995,"30-34"
352,1995,"35-39"
352,1995,"40-44"
352,1995,"45-49"
352,1995,"50-54"
352,1995,"55-59"
352,1995,"60-64"
352,1995,"65-69"
352,1995,"70-74"
352,1995,"75-79"
352,1995,"80-84"
352,1995,"85-89"
352,1995,"90-94"
352,1995,"95-99"
352,1995,"100+"
356,1995,"0-4"
356,1995,"5-9"
356,1995,"10-14"
356,1995,"15-19"
356,1995,"20-24"
356,1995,"25-29"
356,1995,"30-34"
356,1995,"35-39"
356,1995,"40-44"
356,1995,"45-49"
356,1995,"50-54"
356,1995,"55-59"
356,1995,"60-64"
356,1995,"65-69"
356,1995,"70-74"
356,1995,"75-79"
356,1995,"80-84"
356,1995,"85-89"
356,1995,"90-94"
356,1995,"95-99"
356,1995,"100+"
360,1995,"0-4"
360,1995,"5-9"
360,1995,"10-14"
360,1995,"15-19"
360,1995,"20-24"
360,1995,"25-29"
360,1995,"30-34"
360,1995,"35-39"
360,1995,"40-44"
360,1995,"45-49"
360,1995,"50-54"
360,1995,"55-59"
360,1995,"60-64"
360,1995,"65-69"
360,1995,"70-74"
360,1995,"75-79"
360,1995,"80-84"
360,1995,"85-89"
360,1995,"90-94"
360,1995,"95-99"
360,1995,"100+"
364,1995,"0-4"
364,1995,"5-9"
364,1995,"10-14"
364,1995,"15-19"
364,1995,"20-24"
364,1995,"25-29"
364,1995,"30-34"
364,1995,"35-39"
364,1995,"40-44"
364,1995,"45-49"
364,1995,"50-54"
364,1995,"55-59"
364,1995,"60-64"
364,1995,"65-69"
364,1995,"70-74"
364,1995,"75-79"
364,1995,"80-84"
364,1995,"85-89"
364,1995,"90-94"
364,1995,"95-99"
364,1995,"100+"
368,1995,"0-4"
368,1995,"5-9"
368,1995,"10-14"
368,1995,"15-19"
368,1995,"20-24"
368,1995,"25-29"
368,1995,"30-34"
368,1995,"35-39"
368,1995,"40-44"
368,1995,"45-49"
368,1995,"50-54"
368,1995,"55-59"
368,1995,"60-64"
368,1995,"65-69"
368,1995,"70-74"
368,1995,"75-79"
368,1995,"80-84"
368,1995,"85-89"
368,1995,"90-94"
368,1995,"95-99"
368,1995,"100+"
372,1995,"0-4"
372,1995,"5-9"
372,1995,"10-14"
372,1995,"15-19"
372,1995,"20-24"
372,1995,"25-29"
372,1995,"30-34"
372,1995,"35-39"
372,1995,"40-44"
372,1995,"45-49"
372,1995,"50-54"
372,1995,"55-59"
372,1995,"60-64"
372,1995,"65-69"
372,1995,"70-74"
372,1995,"75-79"
372,1995,"80-84"
372,1995,"85-89"
372,1995,"90-94"
372,1995,"95-99"
372,1995,"100+"
376,1995,"0-4"
376,1995,"5-9"
376,1995,"10-14"
376,1995,"15-19"
376,1995,"20-24"
376,1995,"25-29"
376,1995,"30-34"
376,1995,"35-39"
376,1995,"40-44"
376,1995,"45-49"
376,1995,"50-54"
376,1995,"55-59"
376,1995,"60-64"
376,1995,"65-69"
376,1995,"70-74"
376,1995,"75-79"
376,1995,"80-84"
376,1995,"85-89"
376,1995,"90-94"
376,1995,"95-99"
376,1995,"100+"
380,1995,"0-4"
380,1995,"5-9"
380,1995,"10-14"
380,1995,"15-19"
380,1995,"20-24"
380,1995,"25-29"
380,1995,"30-34"
380,1995,"35-39"
380,1995,"40-44"
380,1995,"45-49"
380,1995,"50-54"
380,1995,"55-59"
380,1995,"60-64"
380,1995,"65-69"
380,1995,"70-74"
380,1995,"75-79"
380,1995,"80-84"
380,1995,"85-89"
380,1995,"90-94"
380,1995,"95-99"
380,1995,"100+"
388,1995,"0-4"
388,1995,"5-9"
388,1995,"10-14"
388,1995,"15-19"
388,1995,"20-24"
388,1995,"25-29"
388,1995,"30-34"
388,1995,"35-39"
388,1995,"40-44"
388,1995,"45-49"
388,1995,"50-54"
388,1995,"55-59"
388,1995,"60-64"
388,1995,"65-69"
388,1995,"70-74"
388,1995,"75-79"
388,1995,"80-84"
388,1995,"85-89"
388,1995,"90-94"
388,1995,"95-99"
388,1995,"100+"
392,1995,"0-4"
392,1995,"5-9"
392,1995,"10-14"
392,1995,"15-19"
392,1995,"20-24"
392,1995,"25-29"
392,1995,"30-34"
392,1995,"35-39"
392,1995,"40-44"
392,1995,"45-49"
392,1995,"50-54"
392,1995,"55-59"
392,1995,"60-64"
392,1995,"65-69"
392,1995,"70-74"
392,1995,"75-79"
392,1995,"80-84"
392,1995,"85-89"
392,1995,"90-94"
392,1995,"95-99"
392,1995,"100+"
400,1995,"0-4"
400,1995,"5-9"
400,1995,"10-14"
400,1995,"15-19"
400,1995,"20-24"
400,1995,"25-29"
400,1995,"30-34"
400,1995,"35-39"
400,1995,"40-44"
400,1995,"45-49"
400,1995,"50-54"
400,1995,"55-59"
400,1995,"60-64"
400,1995,"65-69"
400,1995,"70-74"
400,1995,"75-79"
400,1995,"80-84"
400,1995,"85-89"
400,1995,"90-94"
400,1995,"95-99"
400,1995,"100+"
398,1995,"0-4"
398,1995,"5-9"
398,1995,"10-14"
398,1995,"15-19"
398,1995,"20-24"
398,1995,"25-29"
398,1995,"30-34"
398,1995,"35-39"
398,1995,"40-44"
398,1995,"45-49"
398,1995,"50-54"
398,1995,"55-59"
398,1995,"60-64"
398,1995,"65-69"
398,1995,"70-74"
398,1995,"75-79"
398,1995,"80-84"
398,1995,"85-89"
398,1995,"90-94"
398,1995,"95-99"
398,1995,"100+"
404,1995,"0-4"
404,1995,"5-9"
404,1995,"10-14"
404,1995,"15-19"
404,1995,"20-24"
404,1995,"25-29"
404,1995,"30-34"
404,1995,"35-39"
404,1995,"40-44"
404,1995,"45-49"
404,1995,"50-54"
404,1995,"55-59"
404,1995,"60-64"
404,1995,"65-69"
404,1995,"70-74"
404,1995,"75-79"
404,1995,"80-84"
404,1995,"85-89"
404,1995,"90-94"
404,1995,"95-99"
404,1995,"100+"
414,1995,"0-4"
414,1995,"5-9"
414,1995,"10-14"
414,1995,"15-19"
414,1995,"20-24"
414,1995,"25-29"
414,1995,"30-34"
414,1995,"35-39"
414,1995,"40-44"
414,1995,"45-49"
414,1995,"50-54"
414,1995,"55-59"
414,1995,"60-64"
414,1995,"65-69"
414,1995,"70-74"
414,1995,"75-79"
414,1995,"80-84"
414,1995,"85-89"
414,1995,"90-94"
414,1995,"95-99"
414,1995,"100+"
417,1995,"0-4"
417,1995,"5-9"
417,1995,"10-14"
417,1995,"15-19"
417,1995,"20-24"
417,1995,"25-29"
417,1995,"30-34"
417,1995,"35-39"
417,1995,"40-44"
417,1995,"45-49"
417,1995,"50-54"
417,1995,"55-59"
417,1995,"60-64"
417,1995,"65-69"
417,1995,"70-74"
417,1995,"75-79"
417,1995,"80-84"
417,1995,"85-89"
417,1995,"90-94"
417,1995,"95-99"
417,1995,"100+"
418,1995,"0-4"
418,1995,"5-9"
418,1995,"10-14"
418,1995,"15-19"
418,1995,"20-24"
418,1995,"25-29"
418,1995,"30-34"
418,1995,"35-39"
418,1995,"40-44"
418,1995,"45-49"
418,1995,"50-54"
418,1995,"55-59"
418,1995,"60-64"
418,1995,"65-69"
418,1995,"70-74"
418,1995,"75-79"
418,1995,"80-84"
418,1995,"85-89"
418,1995,"90-94"
418,1995,"95-99"
418,1995,"100+"
904,1995,"0-4"
904,1995,"5-9"
904,1995,"10-14"
904,1995,"15-19"
904,1995,"20-24"
904,1995,"25-29"
904,1995,"30-34"
904,1995,"35-39"
904,1995,"40-44"
904,1995,"45-49"
904,1995,"50-54"
904,1995,"55-59"
904,1995,"60-64"
904,1995,"65-69"
904,1995,"70-74"
904,1995,"75-79"
904,1995,"80-84"
904,1995,"85-89"
904,1995,"90-94"
904,1995,"95-99"
904,1995,"100+"
428,1995,"0-4"
428,1995,"5-9"
428,1995,"10-14"
428,1995,"15-19"
428,1995,"20-24"
428,1995,"25-29"
428,1995,"30-34"
428,1995,"35-39"
428,1995,"40-44"
428,1995,"45-49"
428,1995,"50-54"
428,1995,"55-59"
428,1995,"60-64"
428,1995,"65-69"
428,1995,"70-74"
428,1995,"75-79"
428,1995,"80-84"
428,1995,"85-89"
428,1995,"90-94"
428,1995,"95-99"
428,1995,"100+"
941,1995,"0-4"
941,1995,"5-9"
941,1995,"10-14"
941,1995,"15-19"
941,1995,"20-24"
941,1995,"25-29"
941,1995,"30-34"
941,1995,"35-39"
941,1995,"40-44"
941,1995,"45-49"
941,1995,"50-54"
941,1995,"55-59"
941,1995,"60-64"
941,1995,"65-69"
941,1995,"70-74"
941,1995,"75-79"
941,1995,"80-84"
941,1995,"85-89"
941,1995,"90-94"
941,1995,"95-99"
941,1995,"100+"
422,1995,"0-4"
422,1995,"5-9"
422,1995,"10-14"
422,1995,"15-19"
422,1995,"20-24"
422,1995,"25-29"
422,1995,"30-34"
422,1995,"35-39"
422,1995,"40-44"
422,1995,"45-49"
422,1995,"50-54"
422,1995,"55-59"
422,1995,"60-64"
422,1995,"65-69"
422,1995,"70-74"
422,1995,"75-79"
422,1995,"80-84"
422,1995,"85-89"
422,1995,"90-94"
422,1995,"95-99"
422,1995,"100+"
426,1995,"0-4"
426,1995,"5-9"
426,1995,"10-14"
426,1995,"15-19"
426,1995,"20-24"
426,1995,"25-29"
426,1995,"30-34"
426,1995,"35-39"
426,1995,"40-44"
426,1995,"45-49"
426,1995,"50-54"
426,1995,"55-59"
426,1995,"60-64"
426,1995,"65-69"
426,1995,"70-74"
426,1995,"75-79"
426,1995,"80-84"
426,1995,"85-89"
426,1995,"90-94"
426,1995,"95-99"
426,1995,"100+"
902,1995,"0-4"
902,1995,"5-9"
902,1995,"10-14"
902,1995,"15-19"
902,1995,"20-24"
902,1995,"25-29"
902,1995,"30-34"
902,1995,"35-39"
902,1995,"40-44"
902,1995,"45-49"
902,1995,"50-54"
902,1995,"55-59"
902,1995,"60-64"
902,1995,"65-69"
902,1995,"70-74"
902,1995,"75-79"
902,1995,"80-84"
902,1995,"85-89"
902,1995,"90-94"
902,1995,"95-99"
902,1995,"100+"
430,1995,"0-4"
430,1995,"5-9"
430,1995,"10-14"
430,1995,"15-19"
430,1995,"20-24"
430,1995,"25-29"
430,1995,"30-34"
430,1995,"35-39"
430,1995,"40-44"
430,1995,"45-49"
430,1995,"50-54"
430,1995,"55-59"
430,1995,"60-64"
430,1995,"65-69"
430,1995,"70-74"
430,1995,"75-79"
430,1995,"80-84"
430,1995,"85-89"
430,1995,"90-94"
430,1995,"95-99"
430,1995,"100+"
434,1995,"0-4"
434,1995,"5-9"
434,1995,"10-14"
434,1995,"15-19"
434,1995,"20-24"
434,1995,"25-29"
434,1995,"30-34"
434,1995,"35-39"
434,1995,"40-44"
434,1995,"45-49"
434,1995,"50-54"
434,1995,"55-59"
434,1995,"60-64"
434,1995,"65-69"
434,1995,"70-74"
434,1995,"75-79"
434,1995,"80-84"
434,1995,"85-89"
434,1995,"90-94"
434,1995,"95-99"
434,1995,"100+"
440,1995,"0-4"
440,1995,"5-9"
440,1995,"10-14"
440,1995,"15-19"
440,1995,"20-24"
440,1995,"25-29"
440,1995,"30-34"
440,1995,"35-39"
440,1995,"40-44"
440,1995,"45-49"
440,1995,"50-54"
440,1995,"55-59"
440,1995,"60-64"
440,1995,"65-69"
440,1995,"70-74"
440,1995,"75-79"
440,1995,"80-84"
440,1995,"85-89"
440,1995,"90-94"
440,1995,"95-99"
440,1995,"100+"
442,1995,"0-4"
442,1995,"5-9"
442,1995,"10-14"
442,1995,"15-19"
442,1995,"20-24"
442,1995,"25-29"
442,1995,"30-34"
442,1995,"35-39"
442,1995,"40-44"
442,1995,"45-49"
442,1995,"50-54"
442,1995,"55-59"
442,1995,"60-64"
442,1995,"65-69"
442,1995,"70-74"
442,1995,"75-79"
442,1995,"80-84"
442,1995,"85-89"
442,1995,"90-94"
442,1995,"95-99"
442,1995,"100+"
450,1995,"0-4"
450,1995,"5-9"
450,1995,"10-14"
450,1995,"15-19"
450,1995,"20-24"
450,1995,"25-29"
450,1995,"30-34"
450,1995,"35-39"
450,1995,"40-44"
450,1995,"45-49"
450,1995,"50-54"
450,1995,"55-59"
450,1995,"60-64"
450,1995,"65-69"
450,1995,"70-74"
450,1995,"75-79"
450,1995,"80-84"
450,1995,"85-89"
450,1995,"90-94"
450,1995,"95-99"
450,1995,"100+"
454,1995,"0-4"
454,1995,"5-9"
454,1995,"10-14"
454,1995,"15-19"
454,1995,"20-24"
454,1995,"25-29"
454,1995,"30-34"
454,1995,"35-39"
454,1995,"40-44"
454,1995,"45-49"
454,1995,"50-54"
454,1995,"55-59"
454,1995,"60-64"
454,1995,"65-69"
454,1995,"70-74"
454,1995,"75-79"
454,1995,"80-84"
454,1995,"85-89"
454,1995,"90-94"
454,1995,"95-99"
454,1995,"100+"
458,1995,"0-4"
458,1995,"5-9"
458,1995,"10-14"
458,1995,"15-19"
458,1995,"20-24"
458,1995,"25-29"
458,1995,"30-34"
458,1995,"35-39"
458,1995,"40-44"
458,1995,"45-49"
458,1995,"50-54"
458,1995,"55-59"
458,1995,"60-64"
458,1995,"65-69"
458,1995,"70-74"
458,1995,"75-79"
458,1995,"80-84"
458,1995,"85-89"
458,1995,"90-94"
458,1995,"95-99"
458,1995,"100+"
462,1995,"0-4"
462,1995,"5-9"
462,1995,"10-14"
462,1995,"15-19"
462,1995,"20-24"
462,1995,"25-29"
462,1995,"30-34"
462,1995,"35-39"
462,1995,"40-44"
462,1995,"45-49"
462,1995,"50-54"
462,1995,"55-59"
462,1995,"60-64"
462,1995,"65-69"
462,1995,"70-74"
462,1995,"75-79"
462,1995,"80-84"
462,1995,"85-89"
462,1995,"90-94"
462,1995,"95-99"
462,1995,"100+"
466,1995,"0-4"
466,1995,"5-9"
466,1995,"10-14"
466,1995,"15-19"
466,1995,"20-24"
466,1995,"25-29"
466,1995,"30-34"
466,1995,"35-39"
466,1995,"40-44"
466,1995,"45-49"
466,1995,"50-54"
466,1995,"55-59"
466,1995,"60-64"
466,1995,"65-69"
466,1995,"70-74"
466,1995,"75-79"
466,1995,"80-84"
466,1995,"85-89"
466,1995,"90-94"
466,1995,"95-99"
466,1995,"100+"
470,1995,"0-4"
470,1995,"5-9"
470,1995,"10-14"
470,1995,"15-19"
470,1995,"20-24"
470,1995,"25-29"
470,1995,"30-34"
470,1995,"35-39"
470,1995,"40-44"
470,1995,"45-49"
470,1995,"50-54"
470,1995,"55-59"
470,1995,"60-64"
470,1995,"65-69"
470,1995,"70-74"
470,1995,"75-79"
470,1995,"80-84"
470,1995,"85-89"
470,1995,"90-94"
470,1995,"95-99"
470,1995,"100+"
474,1995,"0-4"
474,1995,"5-9"
474,1995,"10-14"
474,1995,"15-19"
474,1995,"20-24"
474,1995,"25-29"
474,1995,"30-34"
474,1995,"35-39"
474,1995,"40-44"
474,1995,"45-49"
474,1995,"50-54"
474,1995,"55-59"
474,1995,"60-64"
474,1995,"65-69"
474,1995,"70-74"
474,1995,"75-79"
474,1995,"80-84"
474,1995,"85-89"
474,1995,"90-94"
474,1995,"95-99"
474,1995,"100+"
478,1995,"0-4"
478,1995,"5-9"
478,1995,"10-14"
478,1995,"15-19"
478,1995,"20-24"
478,1995,"25-29"
478,1995,"30-34"
478,1995,"35-39"
478,1995,"40-44"
478,1995,"45-49"
478,1995,"50-54"
478,1995,"55-59"
478,1995,"60-64"
478,1995,"65-69"
478,1995,"70-74"
478,1995,"75-79"
478,1995,"80-84"
478,1995,"85-89"
478,1995,"90-94"
478,1995,"95-99"
478,1995,"100+"
480,1995,"0-4"
480,1995,"5-9"
480,1995,"10-14"
480,1995,"15-19"
480,1995,"20-24"
480,1995,"25-29"
480,1995,"30-34"
480,1995,"35-39"
480,1995,"40-44"
480,1995,"45-49"
480,1995,"50-54"
480,1995,"55-59"
480,1995,"60-64"
480,1995,"65-69"
480,1995,"70-74"
480,1995,"75-79"
480,1995,"80-84"
480,1995,"85-89"
480,1995,"90-94"
480,1995,"95-99"
480,1995,"100+"
928,1995,"0-4"
928,1995,"5-9"
928,1995,"10-14"
928,1995,"15-19"
928,1995,"20-24"
928,1995,"25-29"
928,1995,"30-34"
928,1995,"35-39"
928,1995,"40-44"
928,1995,"45-49"
928,1995,"50-54"
928,1995,"55-59"
928,1995,"60-64"
928,1995,"65-69"
928,1995,"70-74"
928,1995,"75-79"
928,1995,"80-84"
928,1995,"85-89"
928,1995,"90-94"
928,1995,"95-99"
928,1995,"100+"
484,1995,"0-4"
484,1995,"5-9"
484,1995,"10-14"
484,1995,"15-19"
484,1995,"20-24"
484,1995,"25-29"
484,1995,"30-34"
484,1995,"35-39"
484,1995,"40-44"
484,1995,"45-49"
484,1995,"50-54"
484,1995,"55-59"
484,1995,"60-64"
484,1995,"65-69"
484,1995,"70-74"
484,1995,"75-79"
484,1995,"80-84"
484,1995,"85-89"
484,1995,"90-94"
484,1995,"95-99"
484,1995,"100+"
954,1995,"0-4"
954,1995,"5-9"
954,1995,"10-14"
954,1995,"15-19"
954,1995,"20-24"
954,1995,"25-29"
954,1995,"30-34"
954,1995,"35-39"
954,1995,"40-44"
954,1995,"45-49"
954,1995,"50-54"
954,1995,"55-59"
954,1995,"60-64"
954,1995,"65-69"
954,1995,"70-74"
954,1995,"75-79"
954,1995,"80-84"
954,1995,"85-89"
954,1995,"90-94"
954,1995,"95-99"
954,1995,"100+"
911,1995,"0-4"
911,1995,"5-9"
911,1995,"10-14"
911,1995,"15-19"
911,1995,"20-24"
911,1995,"25-29"
911,1995,"30-34"
911,1995,"35-39"
911,1995,"40-44"
911,1995,"45-49"
911,1995,"50-54"
911,1995,"55-59"
911,1995,"60-64"
911,1995,"65-69"
911,1995,"70-74"
911,1995,"75-79"
911,1995,"80-84"
911,1995,"85-89"
911,1995,"90-94"
911,1995,"95-99"
911,1995,"100+"
496,1995,"0-4"
496,1995,"5-9"
496,1995,"10-14"
496,1995,"15-19"
496,1995,"20-24"
496,1995,"25-29"
496,1995,"30-34"
496,1995,"35-39"
496,1995,"40-44"
496,1995,"45-49"
496,1995,"50-54"
496,1995,"55-59"
496,1995,"60-64"
496,1995,"65-69"
496,1995,"70-74"
496,1995,"75-79"
496,1995,"80-84"
496,1995,"85-89"
496,1995,"90-94"
496,1995,"95-99"
496,1995,"100+"
901,1995,"0-4"
901,1995,"5-9"
901,1995,"10-14"
901,1995,"15-19"
901,1995,"20-24"
901,1995,"25-29"
901,1995,"30-34"
901,1995,"35-39"
901,1995,"40-44"
901,1995,"45-49"
901,1995,"50-54"
901,1995,"55-59"
901,1995,"60-64"
901,1995,"65-69"
901,1995,"70-74"
901,1995,"75-79"
901,1995,"80-84"
901,1995,"85-89"
901,1995,"90-94"
901,1995,"95-99"
901,1995,"100+"
504,1995,"0-4"
504,1995,"5-9"
504,1995,"10-14"
504,1995,"15-19"
504,1995,"20-24"
504,1995,"25-29"
504,1995,"30-34"
504,1995,"35-39"
504,1995,"40-44"
504,1995,"45-49"
504,1995,"50-54"
504,1995,"55-59"
504,1995,"60-64"
504,1995,"65-69"
504,1995,"70-74"
504,1995,"75-79"
504,1995,"80-84"
504,1995,"85-89"
504,1995,"90-94"
504,1995,"95-99"
504,1995,"100+"
508,1995,"0-4"
508,1995,"5-9"
508,1995,"10-14"
508,1995,"15-19"
508,1995,"20-24"
508,1995,"25-29"
508,1995,"30-34"
508,1995,"35-39"
508,1995,"40-44"
508,1995,"45-49"
508,1995,"50-54"
508,1995,"55-59"
508,1995,"60-64"
508,1995,"65-69"
508,1995,"70-74"
508,1995,"75-79"
508,1995,"80-84"
508,1995,"85-89"
508,1995,"90-94"
508,1995,"95-99"
508,1995,"100+"
104,1995,"0-4"
104,1995,"5-9"
104,1995,"10-14"
104,1995,"15-19"
104,1995,"20-24"
104,1995,"25-29"
104,1995,"30-34"
104,1995,"35-39"
104,1995,"40-44"
104,1995,"45-49"
104,1995,"50-54"
104,1995,"55-59"
104,1995,"60-64"
104,1995,"65-69"
104,1995,"70-74"
104,1995,"75-79"
104,1995,"80-84"
104,1995,"85-89"
104,1995,"90-94"
104,1995,"95-99"
104,1995,"100+"
516,1995,"0-4"
516,1995,"5-9"
516,1995,"10-14"
516,1995,"15-19"
516,1995,"20-24"
516,1995,"25-29"
516,1995,"30-34"
516,1995,"35-39"
516,1995,"40-44"
516,1995,"45-49"
516,1995,"50-54"
516,1995,"55-59"
516,1995,"60-64"
516,1995,"65-69"
516,1995,"70-74"
516,1995,"75-79"
516,1995,"80-84"
516,1995,"85-89"
516,1995,"90-94"
516,1995,"95-99"
516,1995,"100+"
524,1995,"0-4"
524,1995,"5-9"
524,1995,"10-14"
524,1995,"15-19"
524,1995,"20-24"
524,1995,"25-29"
524,1995,"30-34"
524,1995,"35-39"
524,1995,"40-44"
524,1995,"45-49"
524,1995,"50-54"
524,1995,"55-59"
524,1995,"60-64"
524,1995,"65-69"
524,1995,"70-74"
524,1995,"75-79"
524,1995,"80-84"
524,1995,"85-89"
524,1995,"90-94"
524,1995,"95-99"
524,1995,"100+"
528,1995,"0-4"
528,1995,"5-9"
528,1995,"10-14"
528,1995,"15-19"
528,1995,"20-24"
528,1995,"25-29"
528,1995,"30-34"
528,1995,"35-39"
528,1995,"40-44"
528,1995,"45-49"
528,1995,"50-54"
528,1995,"55-59"
528,1995,"60-64"
528,1995,"65-69"
528,1995,"70-74"
528,1995,"75-79"
528,1995,"80-84"
528,1995,"85-89"
528,1995,"90-94"
528,1995,"95-99"
528,1995,"100+"
530,1995,"0-4"
530,1995,"5-9"
530,1995,"10-14"
530,1995,"15-19"
530,1995,"20-24"
530,1995,"25-29"
530,1995,"30-34"
530,1995,"35-39"
530,1995,"40-44"
530,1995,"45-49"
530,1995,"50-54"
530,1995,"55-59"
530,1995,"60-64"
530,1995,"65-69"
530,1995,"70-74"
530,1995,"75-79"
530,1995,"80-84"
530,1995,"85-89"
530,1995,"90-94"
530,1995,"95-99"
530,1995,"100+"
540,1995,"0-4"
540,1995,"5-9"
540,1995,"10-14"
540,1995,"15-19"
540,1995,"20-24"
540,1995,"25-29"
540,1995,"30-34"
540,1995,"35-39"
540,1995,"40-44"
540,1995,"45-49"
540,1995,"50-54"
540,1995,"55-59"
540,1995,"60-64"
540,1995,"65-69"
540,1995,"70-74"
540,1995,"75-79"
540,1995,"80-84"
540,1995,"85-89"
540,1995,"90-94"
540,1995,"95-99"
540,1995,"100+"
554,1995,"0-4"
554,1995,"5-9"
554,1995,"10-14"
554,1995,"15-19"
554,1995,"20-24"
554,1995,"25-29"
554,1995,"30-34"
554,1995,"35-39"
554,1995,"40-44"
554,1995,"45-49"
554,1995,"50-54"
554,1995,"55-59"
554,1995,"60-64"
554,1995,"65-69"
554,1995,"70-74"
554,1995,"75-79"
554,1995,"80-84"
554,1995,"85-89"
554,1995,"90-94"
554,1995,"95-99"
554,1995,"100+"
558,1995,"0-4"
558,1995,"5-9"
558,1995,"10-14"
558,1995,"15-19"
558,1995,"20-24"
558,1995,"25-29"
558,1995,"30-34"
558,1995,"35-39"
558,1995,"40-44"
558,1995,"45-49"
558,1995,"50-54"
558,1995,"55-59"
558,1995,"60-64"
558,1995,"65-69"
558,1995,"70-74"
558,1995,"75-79"
558,1995,"80-84"
558,1995,"85-89"
558,1995,"90-94"
558,1995,"95-99"
558,1995,"100+"
562,1995,"0-4"
562,1995,"5-9"
562,1995,"10-14"
562,1995,"15-19"
562,1995,"20-24"
562,1995,"25-29"
562,1995,"30-34"
562,1995,"35-39"
562,1995,"40-44"
562,1995,"45-49"
562,1995,"50-54"
562,1995,"55-59"
562,1995,"60-64"
562,1995,"65-69"
562,1995,"70-74"
562,1995,"75-79"
562,1995,"80-84"
562,1995,"85-89"
562,1995,"90-94"
562,1995,"95-99"
562,1995,"100+"
566,1995,"0-4"
566,1995,"5-9"
566,1995,"10-14"
566,1995,"15-19"
566,1995,"20-24"
566,1995,"25-29"
566,1995,"30-34"
566,1995,"35-39"
566,1995,"40-44"
566,1995,"45-49"
566,1995,"50-54"
566,1995,"55-59"
566,1995,"60-64"
566,1995,"65-69"
566,1995,"70-74"
566,1995,"75-79"
566,1995,"80-84"
566,1995,"85-89"
566,1995,"90-94"
566,1995,"95-99"
566,1995,"100+"
912,1995,"0-4"
912,1995,"5-9"
912,1995,"10-14"
912,1995,"15-19"
912,1995,"20-24"
912,1995,"25-29"
912,1995,"30-34"
912,1995,"35-39"
912,1995,"40-44"
912,1995,"45-49"
912,1995,"50-54"
912,1995,"55-59"
912,1995,"60-64"
912,1995,"65-69"
912,1995,"70-74"
912,1995,"75-79"
912,1995,"80-84"
912,1995,"85-89"
912,1995,"90-94"
912,1995,"95-99"
912,1995,"100+"
905,1995,"0-4"
905,1995,"5-9"
905,1995,"10-14"
905,1995,"15-19"
905,1995,"20-24"
905,1995,"25-29"
905,1995,"30-34"
905,1995,"35-39"
905,1995,"40-44"
905,1995,"45-49"
905,1995,"50-54"
905,1995,"55-59"
905,1995,"60-64"
905,1995,"65-69"
905,1995,"70-74"
905,1995,"75-79"
905,1995,"80-84"
905,1995,"85-89"
905,1995,"90-94"
905,1995,"95-99"
905,1995,"100+"
924,1995,"0-4"
924,1995,"5-9"
924,1995,"10-14"
924,1995,"15-19"
924,1995,"20-24"
924,1995,"25-29"
924,1995,"30-34"
924,1995,"35-39"
924,1995,"40-44"
924,1995,"45-49"
924,1995,"50-54"
924,1995,"55-59"
924,1995,"60-64"
924,1995,"65-69"
924,1995,"70-74"
924,1995,"75-79"
924,1995,"80-84"
924,1995,"85-89"
924,1995,"90-94"
924,1995,"95-99"
924,1995,"100+"
578,1995,"0-4"
578,1995,"5-9"
578,1995,"10-14"
578,1995,"15-19"
578,1995,"20-24"
578,1995,"25-29"
578,1995,"30-34"
578,1995,"35-39"
578,1995,"40-44"
578,1995,"45-49"
578,1995,"50-54"
578,1995,"55-59"
578,1995,"60-64"
578,1995,"65-69"
578,1995,"70-74"
578,1995,"75-79"
578,1995,"80-84"
578,1995,"85-89"
578,1995,"90-94"
578,1995,"95-99"
578,1995,"100+"
909,1995,"0-4"
909,1995,"5-9"
909,1995,"10-14"
909,1995,"15-19"
909,1995,"20-24"
909,1995,"25-29"
909,1995,"30-34"
909,1995,"35-39"
909,1995,"40-44"
909,1995,"45-49"
909,1995,"50-54"
909,1995,"55-59"
909,1995,"60-64"
909,1995,"65-69"
909,1995,"70-74"
909,1995,"75-79"
909,1995,"80-84"
909,1995,"85-89"
909,1995,"90-94"
909,1995,"95-99"
909,1995,"100+"
512,1995,"0-4"
512,1995,"5-9"
512,1995,"10-14"
512,1995,"15-19"
512,1995,"20-24"
512,1995,"25-29"
512,1995,"30-34"
512,1995,"35-39"
512,1995,"40-44"
512,1995,"45-49"
512,1995,"50-54"
512,1995,"55-59"
512,1995,"60-64"
512,1995,"65-69"
512,1995,"70-74"
512,1995,"75-79"
512,1995,"80-84"
512,1995,"85-89"
512,1995,"90-94"
512,1995,"95-99"
512,1995,"100+"
586,1995,"0-4"
586,1995,"5-9"
586,1995,"10-14"
586,1995,"15-19"
586,1995,"20-24"
586,1995,"25-29"
586,1995,"30-34"
586,1995,"35-39"
586,1995,"40-44"
586,1995,"45-49"
586,1995,"50-54"
586,1995,"55-59"
586,1995,"60-64"
586,1995,"65-69"
586,1995,"70-74"
586,1995,"75-79"
586,1995,"80-84"
586,1995,"85-89"
586,1995,"90-94"
586,1995,"95-99"
586,1995,"100+"
591,1995,"0-4"
591,1995,"5-9"
591,1995,"10-14"
591,1995,"15-19"
591,1995,"20-24"
591,1995,"25-29"
591,1995,"30-34"
591,1995,"35-39"
591,1995,"40-44"
591,1995,"45-49"
591,1995,"50-54"
591,1995,"55-59"
591,1995,"60-64"
591,1995,"65-69"
591,1995,"70-74"
591,1995,"75-79"
591,1995,"80-84"
591,1995,"85-89"
591,1995,"90-94"
591,1995,"95-99"
591,1995,"100+"
598,1995,"0-4"
598,1995,"5-9"
598,1995,"10-14"
598,1995,"15-19"
598,1995,"20-24"
598,1995,"25-29"
598,1995,"30-34"
598,1995,"35-39"
598,1995,"40-44"
598,1995,"45-49"
598,1995,"50-54"
598,1995,"55-59"
598,1995,"60-64"
598,1995,"65-69"
598,1995,"70-74"
598,1995,"75-79"
598,1995,"80-84"
598,1995,"85-89"
598,1995,"90-94"
598,1995,"95-99"
598,1995,"100+"
600,1995,"0-4"
600,1995,"5-9"
600,1995,"10-14"
600,1995,"15-19"
600,1995,"20-24"
600,1995,"25-29"
600,1995,"30-34"
600,1995,"35-39"
600,1995,"40-44"
600,1995,"45-49"
600,1995,"50-54"
600,1995,"55-59"
600,1995,"60-64"
600,1995,"65-69"
600,1995,"70-74"
600,1995,"75-79"
600,1995,"80-84"
600,1995,"85-89"
600,1995,"90-94"
600,1995,"95-99"
600,1995,"100+"
604,1995,"0-4"
604,1995,"5-9"
604,1995,"10-14"
604,1995,"15-19"
604,1995,"20-24"
604,1995,"25-29"
604,1995,"30-34"
604,1995,"35-39"
604,1995,"40-44"
604,1995,"45-49"
604,1995,"50-54"
604,1995,"55-59"
604,1995,"60-64"
604,1995,"65-69"
604,1995,"70-74"
604,1995,"75-79"
604,1995,"80-84"
604,1995,"85-89"
604,1995,"90-94"
604,1995,"95-99"
604,1995,"100+"
608,1995,"0-4"
608,1995,"5-9"
608,1995,"10-14"
608,1995,"15-19"
608,1995,"20-24"
608,1995,"25-29"
608,1995,"30-34"
608,1995,"35-39"
608,1995,"40-44"
608,1995,"45-49"
608,1995,"50-54"
608,1995,"55-59"
608,1995,"60-64"
608,1995,"65-69"
608,1995,"70-74"
608,1995,"75-79"
608,1995,"80-84"
608,1995,"85-89"
608,1995,"90-94"
608,1995,"95-99"
608,1995,"100+"
616,1995,"0-4"
616,1995,"5-9"
616,1995,"10-14"
616,1995,"15-19"
616,1995,"20-24"
616,1995,"25-29"
616,1995,"30-34"
616,1995,"35-39"
616,1995,"40-44"
616,1995,"45-49"
616,1995,"50-54"
616,1995,"55-59"
616,1995,"60-64"
616,1995,"65-69"
616,1995,"70-74"
616,1995,"75-79"
616,1995,"80-84"
616,1995,"85-89"
616,1995,"90-94"
616,1995,"95-99"
616,1995,"100+"
957,1995,"0-4"
957,1995,"5-9"
957,1995,"10-14"
957,1995,"15-19"
957,1995,"20-24"
957,1995,"25-29"
957,1995,"30-34"
957,1995,"35-39"
957,1995,"40-44"
957,1995,"45-49"
957,1995,"50-54"
957,1995,"55-59"
957,1995,"60-64"
957,1995,"65-69"
957,1995,"70-74"
957,1995,"75-79"
957,1995,"80-84"
957,1995,"85-89"
957,1995,"90-94"
957,1995,"95-99"
957,1995,"100+"
620,1995,"0-4"
620,1995,"5-9"
620,1995,"10-14"
620,1995,"15-19"
620,1995,"20-24"
620,1995,"25-29"
620,1995,"30-34"
620,1995,"35-39"
620,1995,"40-44"
620,1995,"45-49"
620,1995,"50-54"
620,1995,"55-59"
620,1995,"60-64"
620,1995,"65-69"
620,1995,"70-74"
620,1995,"75-79"
620,1995,"80-84"
620,1995,"85-89"
620,1995,"90-94"
620,1995,"95-99"
620,1995,"100+"
630,1995,"0-4"
630,1995,"5-9"
630,1995,"10-14"
630,1995,"15-19"
630,1995,"20-24"
630,1995,"25-29"
630,1995,"30-34"
630,1995,"35-39"
630,1995,"40-44"
630,1995,"45-49"
630,1995,"50-54"
630,1995,"55-59"
630,1995,"60-64"
630,1995,"65-69"
630,1995,"70-74"
630,1995,"75-79"
630,1995,"80-84"
630,1995,"85-89"
630,1995,"90-94"
630,1995,"95-99"
630,1995,"100+"
634,1995,"0-4"
634,1995,"5-9"
634,1995,"10-14"
634,1995,"15-19"
634,1995,"20-24"
634,1995,"25-29"
634,1995,"30-34"
634,1995,"35-39"
634,1995,"40-44"
634,1995,"45-49"
634,1995,"50-54"
634,1995,"55-59"
634,1995,"60-64"
634,1995,"65-69"
634,1995,"70-74"
634,1995,"75-79"
634,1995,"80-84"
634,1995,"85-89"
634,1995,"90-94"
634,1995,"95-99"
634,1995,"100+"
410,1995,"0-4"
410,1995,"5-9"
410,1995,"10-14"
410,1995,"15-19"
410,1995,"20-24"
410,1995,"25-29"
410,1995,"30-34"
410,1995,"35-39"
410,1995,"40-44"
410,1995,"45-49"
410,1995,"50-54"
410,1995,"55-59"
410,1995,"60-64"
410,1995,"65-69"
410,1995,"70-74"
410,1995,"75-79"
410,1995,"80-84"
410,1995,"85-89"
410,1995,"90-94"
410,1995,"95-99"
410,1995,"100+"
498,1995,"0-4"
498,1995,"5-9"
498,1995,"10-14"
498,1995,"15-19"
498,1995,"20-24"
498,1995,"25-29"
498,1995,"30-34"
498,1995,"35-39"
498,1995,"40-44"
498,1995,"45-49"
498,1995,"50-54"
498,1995,"55-59"
498,1995,"60-64"
498,1995,"65-69"
498,1995,"70-74"
498,1995,"75-79"
498,1995,"80-84"
498,1995,"85-89"
498,1995,"90-94"
498,1995,"95-99"
498,1995,"100+"
642,1995,"0-4"
642,1995,"5-9"
642,1995,"10-14"
642,1995,"15-19"
642,1995,"20-24"
642,1995,"25-29"
642,1995,"30-34"
642,1995,"35-39"
642,1995,"40-44"
642,1995,"45-49"
642,1995,"50-54"
642,1995,"55-59"
642,1995,"60-64"
642,1995,"65-69"
642,1995,"70-74"
642,1995,"75-79"
642,1995,"80-84"
642,1995,"85-89"
642,1995,"90-94"
642,1995,"95-99"
642,1995,"100+"
643,1995,"0-4"
643,1995,"5-9"
643,1995,"10-14"
643,1995,"15-19"
643,1995,"20-24"
643,1995,"25-29"
643,1995,"30-34"
643,1995,"35-39"
643,1995,"40-44"
643,1995,"45-49"
643,1995,"50-54"
643,1995,"55-59"
643,1995,"60-64"
643,1995,"65-69"
643,1995,"70-74"
643,1995,"75-79"
643,1995,"80-84"
643,1995,"85-89"
643,1995,"90-94"
643,1995,"95-99"
643,1995,"100+"
646,1995,"0-4"
646,1995,"5-9"
646,1995,"10-14"
646,1995,"15-19"
646,1995,"20-24"
646,1995,"25-29"
646,1995,"30-34"
646,1995,"35-39"
646,1995,"40-44"
646,1995,"45-49"
646,1995,"50-54"
646,1995,"55-59"
646,1995,"60-64"
646,1995,"65-69"
646,1995,"70-74"
646,1995,"75-79"
646,1995,"80-84"
646,1995,"85-89"
646,1995,"90-94"
646,1995,"95-99"
646,1995,"100+"
638,1995,"0-4"
638,1995,"5-9"
638,1995,"10-14"
638,1995,"15-19"
638,1995,"20-24"
638,1995,"25-29"
638,1995,"30-34"
638,1995,"35-39"
638,1995,"40-44"
638,1995,"45-49"
638,1995,"50-54"
638,1995,"55-59"
638,1995,"60-64"
638,1995,"65-69"
638,1995,"70-74"
638,1995,"75-79"
638,1995,"80-84"
638,1995,"85-89"
638,1995,"90-94"
638,1995,"95-99"
638,1995,"100+"
882,1995,"0-4"
882,1995,"5-9"
882,1995,"10-14"
882,1995,"15-19"
882,1995,"20-24"
882,1995,"25-29"
882,1995,"30-34"
882,1995,"35-39"
882,1995,"40-44"
882,1995,"45-49"
882,1995,"50-54"
882,1995,"55-59"
882,1995,"60-64"
882,1995,"65-69"
882,1995,"70-74"
882,1995,"75-79"
882,1995,"80-84"
882,1995,"85-89"
882,1995,"90-94"
882,1995,"95-99"
882,1995,"100+"
682,1995,"0-4"
682,1995,"5-9"
682,1995,"10-14"
682,1995,"15-19"
682,1995,"20-24"
682,1995,"25-29"
682,1995,"30-34"
682,1995,"35-39"
682,1995,"40-44"
682,1995,"45-49"
682,1995,"50-54"
682,1995,"55-59"
682,1995,"60-64"
682,1995,"65-69"
682,1995,"70-74"
682,1995,"75-79"
682,1995,"80-84"
682,1995,"85-89"
682,1995,"90-94"
682,1995,"95-99"
682,1995,"100+"
686,1995,"0-4"
686,1995,"5-9"
686,1995,"10-14"
686,1995,"15-19"
686,1995,"20-24"
686,1995,"25-29"
686,1995,"30-34"
686,1995,"35-39"
686,1995,"40-44"
686,1995,"45-49"
686,1995,"50-54"
686,1995,"55-59"
686,1995,"60-64"
686,1995,"65-69"
686,1995,"70-74"
686,1995,"75-79"
686,1995,"80-84"
686,1995,"85-89"
686,1995,"90-94"
686,1995,"95-99"
686,1995,"100+"
891,1995,"0-4"
891,1995,"5-9"
891,1995,"10-14"
891,1995,"15-19"
891,1995,"20-24"
891,1995,"25-29"
891,1995,"30-34"
891,1995,"35-39"
891,1995,"40-44"
891,1995,"45-49"
891,1995,"50-54"
891,1995,"55-59"
891,1995,"60-64"
891,1995,"65-69"
891,1995,"70-74"
891,1995,"75-79"
891,1995,"80-84"
891,1995,"85-89"
891,1995,"90-94"
891,1995,"95-99"
891,1995,"100+"
694,1995,"0-4"
694,1995,"5-9"
694,1995,"10-14"
694,1995,"15-19"
694,1995,"20-24"
694,1995,"25-29"
694,1995,"30-34"
694,1995,"35-39"
694,1995,"40-44"
694,1995,"45-49"
694,1995,"50-54"
694,1995,"55-59"
694,1995,"60-64"
694,1995,"65-69"
694,1995,"70-74"
694,1995,"75-79"
694,1995,"80-84"
694,1995,"85-89"
694,1995,"90-94"
694,1995,"95-99"
694,1995,"100+"
702,1995,"0-4"
702,1995,"5-9"
702,1995,"10-14"
702,1995,"15-19"
702,1995,"20-24"
702,1995,"25-29"
702,1995,"30-34"
702,1995,"35-39"
702,1995,"40-44"
702,1995,"45-49"
702,1995,"50-54"
702,1995,"55-59"
702,1995,"60-64"
702,1995,"65-69"
702,1995,"70-74"
702,1995,"75-79"
702,1995,"80-84"
702,1995,"85-89"
702,1995,"90-94"
702,1995,"95-99"
702,1995,"100+"
703,1995,"0-4"
703,1995,"5-9"
703,1995,"10-14"
703,1995,"15-19"
703,1995,"20-24"
703,1995,"25-29"
703,1995,"30-34"
703,1995,"35-39"
703,1995,"40-44"
703,1995,"45-49"
703,1995,"50-54"
703,1995,"55-59"
703,1995,"60-64"
703,1995,"65-69"
703,1995,"70-74"
703,1995,"75-79"
703,1995,"80-84"
703,1995,"85-89"
703,1995,"90-94"
703,1995,"95-99"
703,1995,"100+"
705,1995,"0-4"
705,1995,"5-9"
705,1995,"10-14"
705,1995,"15-19"
705,1995,"20-24"
705,1995,"25-29"
705,1995,"30-34"
705,1995,"35-39"
705,1995,"40-44"
705,1995,"45-49"
705,1995,"50-54"
705,1995,"55-59"
705,1995,"60-64"
705,1995,"65-69"
705,1995,"70-74"
705,1995,"75-79"
705,1995,"80-84"
705,1995,"85-89"
705,1995,"90-94"
705,1995,"95-99"
705,1995,"100+"
90,1995,"0-4"
90,1995,"5-9"
90,1995,"10-14"
90,1995,"15-19"
90,1995,"20-24"
90,1995,"25-29"
90,1995,"30-34"
90,1995,"35-39"
90,1995,"40-44"
90,1995,"45-49"
90,1995,"50-54"
90,1995,"55-59"
90,1995,"60-64"
90,1995,"65-69"
90,1995,"70-74"
90,1995,"75-79"
90,1995,"80-84"
90,1995,"85-89"
90,1995,"90-94"
90,1995,"95-99"
90,1995,"100+"
706,1995,"0-4"
706,1995,"5-9"
706,1995,"10-14"
706,1995,"15-19"
706,1995,"20-24"
706,1995,"25-29"
706,1995,"30-34"
706,1995,"35-39"
706,1995,"40-44"
706,1995,"45-49"
706,1995,"50-54"
706,1995,"55-59"
706,1995,"60-64"
706,1995,"65-69"
706,1995,"70-74"
706,1995,"75-79"
706,1995,"80-84"
706,1995,"85-89"
706,1995,"90-94"
706,1995,"95-99"
706,1995,"100+"
710,1995,"0-4"
710,1995,"5-9"
710,1995,"10-14"
710,1995,"15-19"
710,1995,"20-24"
710,1995,"25-29"
710,1995,"30-34"
710,1995,"35-39"
710,1995,"40-44"
710,1995,"45-49"
710,1995,"50-54"
710,1995,"55-59"
710,1995,"60-64"
710,1995,"65-69"
710,1995,"70-74"
710,1995,"75-79"
710,1995,"80-84"
710,1995,"85-89"
710,1995,"90-94"
710,1995,"95-99"
710,1995,"100+"
931,1995,"0-4"
931,1995,"5-9"
931,1995,"10-14"
931,1995,"15-19"
931,1995,"20-24"
931,1995,"25-29"
931,1995,"30-34"
931,1995,"35-39"
931,1995,"40-44"
931,1995,"45-49"
931,1995,"50-54"
931,1995,"55-59"
931,1995,"60-64"
931,1995,"65-69"
931,1995,"70-74"
931,1995,"75-79"
931,1995,"80-84"
931,1995,"85-89"
931,1995,"90-94"
931,1995,"95-99"
931,1995,"100+"
921,1995,"0-4"
921,1995,"5-9"
921,1995,"10-14"
921,1995,"15-19"
921,1995,"20-24"
921,1995,"25-29"
921,1995,"30-34"
921,1995,"35-39"
921,1995,"40-44"
921,1995,"45-49"
921,1995,"50-54"
921,1995,"55-59"
921,1995,"60-64"
921,1995,"65-69"
921,1995,"70-74"
921,1995,"75-79"
921,1995,"80-84"
921,1995,"85-89"
921,1995,"90-94"
921,1995,"95-99"
921,1995,"100+"
920,1995,"0-4"
920,1995,"5-9"
920,1995,"10-14"
920,1995,"15-19"
920,1995,"20-24"
920,1995,"25-29"
920,1995,"30-34"
920,1995,"35-39"
920,1995,"40-44"
920,1995,"45-49"
920,1995,"50-54"
920,1995,"55-59"
920,1995,"60-64"
920,1995,"65-69"
920,1995,"70-74"
920,1995,"75-79"
920,1995,"80-84"
920,1995,"85-89"
920,1995,"90-94"
920,1995,"95-99"
920,1995,"100+"
913,1995,"0-4"
913,1995,"5-9"
913,1995,"10-14"
913,1995,"15-19"
913,1995,"20-24"
913,1995,"25-29"
913,1995,"30-34"
913,1995,"35-39"
913,1995,"40-44"
913,1995,"45-49"
913,1995,"50-54"
913,1995,"55-59"
913,1995,"60-64"
913,1995,"65-69"
913,1995,"70-74"
913,1995,"75-79"
913,1995,"80-84"
913,1995,"85-89"
913,1995,"90-94"
913,1995,"95-99"
913,1995,"100+"
925,1995,"0-4"
925,1995,"5-9"
925,1995,"10-14"
925,1995,"15-19"
925,1995,"20-24"
925,1995,"25-29"
925,1995,"30-34"
925,1995,"35-39"
925,1995,"40-44"
925,1995,"45-49"
925,1995,"50-54"
925,1995,"55-59"
925,1995,"60-64"
925,1995,"65-69"
925,1995,"70-74"
925,1995,"75-79"
925,1995,"80-84"
925,1995,"85-89"
925,1995,"90-94"
925,1995,"95-99"
925,1995,"100+"
724,1995,"0-4"
724,1995,"5-9"
724,1995,"10-14"
724,1995,"15-19"
724,1995,"20-24"
724,1995,"25-29"
724,1995,"30-34"
724,1995,"35-39"
724,1995,"40-44"
724,1995,"45-49"
724,1995,"50-54"
724,1995,"55-59"
724,1995,"60-64"
724,1995,"65-69"
724,1995,"70-74"
724,1995,"75-79"
724,1995,"80-84"
724,1995,"85-89"
724,1995,"90-94"
724,1995,"95-99"
724,1995,"100+"
144,1995,"0-4"
144,1995,"5-9"
144,1995,"10-14"
144,1995,"15-19"
144,1995,"20-24"
144,1995,"25-29"
144,1995,"30-34"
144,1995,"35-39"
144,1995,"40-44"
144,1995,"45-49"
144,1995,"50-54"
144,1995,"55-59"
144,1995,"60-64"
144,1995,"65-69"
144,1995,"70-74"
144,1995,"75-79"
144,1995,"80-84"
144,1995,"85-89"
144,1995,"90-94"
144,1995,"95-99"
144,1995,"100+"
736,1995,"0-4"
736,1995,"5-9"
736,1995,"10-14"
736,1995,"15-19"
736,1995,"20-24"
736,1995,"25-29"
736,1995,"30-34"
736,1995,"35-39"
736,1995,"40-44"
736,1995,"45-49"
736,1995,"50-54"
736,1995,"55-59"
736,1995,"60-64"
736,1995,"65-69"
736,1995,"70-74"
736,1995,"75-79"
736,1995,"80-84"
736,1995,"85-89"
736,1995,"90-94"
736,1995,"95-99"
736,1995,"100+"
740,1995,"0-4"
740,1995,"5-9"
740,1995,"10-14"
740,1995,"15-19"
740,1995,"20-24"
740,1995,"25-29"
740,1995,"30-34"
740,1995,"35-39"
740,1995,"40-44"
740,1995,"45-49"
740,1995,"50-54"
740,1995,"55-59"
740,1995,"60-64"
740,1995,"65-69"
740,1995,"70-74"
740,1995,"75-79"
740,1995,"80-84"
740,1995,"85-89"
740,1995,"90-94"
740,1995,"95-99"
740,1995,"100+"
748,1995,"0-4"
748,1995,"5-9"
748,1995,"10-14"
748,1995,"15-19"
748,1995,"20-24"
748,1995,"25-29"
748,1995,"30-34"
748,1995,"35-39"
748,1995,"40-44"
748,1995,"45-49"
748,1995,"50-54"
748,1995,"55-59"
748,1995,"60-64"
748,1995,"65-69"
748,1995,"70-74"
748,1995,"75-79"
748,1995,"80-84"
748,1995,"85-89"
748,1995,"90-94"
748,1995,"95-99"
748,1995,"100+"
752,1995,"0-4"
752,1995,"5-9"
752,1995,"10-14"
752,1995,"15-19"
752,1995,"20-24"
752,1995,"25-29"
752,1995,"30-34"
752,1995,"35-39"
752,1995,"40-44"
752,1995,"45-49"
752,1995,"50-54"
752,1995,"55-59"
752,1995,"60-64"
752,1995,"65-69"
752,1995,"70-74"
752,1995,"75-79"
752,1995,"80-84"
752,1995,"85-89"
752,1995,"90-94"
752,1995,"95-99"
752,1995,"100+"
756,1995,"0-4"
756,1995,"5-9"
756,1995,"10-14"
756,1995,"15-19"
756,1995,"20-24"
756,1995,"25-29"
756,1995,"30-34"
756,1995,"35-39"
756,1995,"40-44"
756,1995,"45-49"
756,1995,"50-54"
756,1995,"55-59"
756,1995,"60-64"
756,1995,"65-69"
756,1995,"70-74"
756,1995,"75-79"
756,1995,"80-84"
756,1995,"85-89"
756,1995,"90-94"
756,1995,"95-99"
756,1995,"100+"
760,1995,"0-4"
760,1995,"5-9"
760,1995,"10-14"
760,1995,"15-19"
760,1995,"20-24"
760,1995,"25-29"
760,1995,"30-34"
760,1995,"35-39"
760,1995,"40-44"
760,1995,"45-49"
760,1995,"50-54"
760,1995,"55-59"
760,1995,"60-64"
760,1995,"65-69"
760,1995,"70-74"
760,1995,"75-79"
760,1995,"80-84"
760,1995,"85-89"
760,1995,"90-94"
760,1995,"95-99"
760,1995,"100+"
807,1995,"0-4"
807,1995,"5-9"
807,1995,"10-14"
807,1995,"15-19"
807,1995,"20-24"
807,1995,"25-29"
807,1995,"30-34"
807,1995,"35-39"
807,1995,"40-44"
807,1995,"45-49"
807,1995,"50-54"
807,1995,"55-59"
807,1995,"60-64"
807,1995,"65-69"
807,1995,"70-74"
807,1995,"75-79"
807,1995,"80-84"
807,1995,"85-89"
807,1995,"90-94"
807,1995,"95-99"
807,1995,"100+"
762,1995,"0-4"
762,1995,"5-9"
762,1995,"10-14"
762,1995,"15-19"
762,1995,"20-24"
762,1995,"25-29"
762,1995,"30-34"
762,1995,"35-39"
762,1995,"40-44"
762,1995,"45-49"
762,1995,"50-54"
762,1995,"55-59"
762,1995,"60-64"
762,1995,"65-69"
762,1995,"70-74"
762,1995,"75-79"
762,1995,"80-84"
762,1995,"85-89"
762,1995,"90-94"
762,1995,"95-99"
762,1995,"100+"
764,1995,"0-4"
764,1995,"5-9"
764,1995,"10-14"
764,1995,"15-19"
764,1995,"20-24"
764,1995,"25-29"
764,1995,"30-34"
764,1995,"35-39"
764,1995,"40-44"
764,1995,"45-49"
764,1995,"50-54"
764,1995,"55-59"
764,1995,"60-64"
764,1995,"65-69"
764,1995,"70-74"
764,1995,"75-79"
764,1995,"80-84"
764,1995,"85-89"
764,1995,"90-94"
764,1995,"95-99"
764,1995,"100+"
626,1995,"0-4"
626,1995,"5-9"
626,1995,"10-14"
626,1995,"15-19"
626,1995,"20-24"
626,1995,"25-29"
626,1995,"30-34"
626,1995,"35-39"
626,1995,"40-44"
626,1995,"45-49"
626,1995,"50-54"
626,1995,"55-59"
626,1995,"60-64"
626,1995,"65-69"
626,1995,"70-74"
626,1995,"75-79"
626,1995,"80-84"
626,1995,"85-89"
626,1995,"90-94"
626,1995,"95-99"
626,1995,"100+"
768,1995,"0-4"
768,1995,"5-9"
768,1995,"10-14"
768,1995,"15-19"
768,1995,"20-24"
768,1995,"25-29"
768,1995,"30-34"
768,1995,"35-39"
768,1995,"40-44"
768,1995,"45-49"
768,1995,"50-54"
768,1995,"55-59"
768,1995,"60-64"
768,1995,"65-69"
768,1995,"70-74"
768,1995,"75-79"
768,1995,"80-84"
768,1995,"85-89"
768,1995,"90-94"
768,1995,"95-99"
768,1995,"100+"
780,1995,"0-4"
780,1995,"5-9"
780,1995,"10-14"
780,1995,"15-19"
780,1995,"20-24"
780,1995,"25-29"
780,1995,"30-34"
780,1995,"35-39"
780,1995,"40-44"
780,1995,"45-49"
780,1995,"50-54"
780,1995,"55-59"
780,1995,"60-64"
780,1995,"65-69"
780,1995,"70-74"
780,1995,"75-79"
780,1995,"80-84"
780,1995,"85-89"
780,1995,"90-94"
780,1995,"95-99"
780,1995,"100+"
788,1995,"0-4"
788,1995,"5-9"
788,1995,"10-14"
788,1995,"15-19"
788,1995,"20-24"
788,1995,"25-29"
788,1995,"30-34"
788,1995,"35-39"
788,1995,"40-44"
788,1995,"45-49"
788,1995,"50-54"
788,1995,"55-59"
788,1995,"60-64"
788,1995,"65-69"
788,1995,"70-74"
788,1995,"75-79"
788,1995,"80-84"
788,1995,"85-89"
788,1995,"90-94"
788,1995,"95-99"
788,1995,"100+"
792,1995,"0-4"
792,1995,"5-9"
792,1995,"10-14"
792,1995,"15-19"
792,1995,"20-24"
792,1995,"25-29"
792,1995,"30-34"
792,1995,"35-39"
792,1995,"40-44"
792,1995,"45-49"
792,1995,"50-54"
792,1995,"55-59"
792,1995,"60-64"
792,1995,"65-69"
792,1995,"70-74"
792,1995,"75-79"
792,1995,"80-84"
792,1995,"85-89"
792,1995,"90-94"
792,1995,"95-99"
792,1995,"100+"
795,1995,"0-4"
795,1995,"5-9"
795,1995,"10-14"
795,1995,"15-19"
795,1995,"20-24"
795,1995,"25-29"
795,1995,"30-34"
795,1995,"35-39"
795,1995,"40-44"
795,1995,"45-49"
795,1995,"50-54"
795,1995,"55-59"
795,1995,"60-64"
795,1995,"65-69"
795,1995,"70-74"
795,1995,"75-79"
795,1995,"80-84"
795,1995,"85-89"
795,1995,"90-94"
795,1995,"95-99"
795,1995,"100+"
800,1995,"0-4"
800,1995,"5-9"
800,1995,"10-14"
800,1995,"15-19"
800,1995,"20-24"
800,1995,"25-29"
800,1995,"30-34"
800,1995,"35-39"
800,1995,"40-44"
800,1995,"45-49"
800,1995,"50-54"
800,1995,"55-59"
800,1995,"60-64"
800,1995,"65-69"
800,1995,"70-74"
800,1995,"75-79"
800,1995,"80-84"
800,1995,"85-89"
800,1995,"90-94"
800,1995,"95-99"
800,1995,"100+"
804,1995,"0-4"
804,1995,"5-9"
804,1995,"10-14"
804,1995,"15-19"
804,1995,"20-24"
804,1995,"25-29"
804,1995,"30-34"
804,1995,"35-39"
804,1995,"40-44"
804,1995,"45-49"
804,1995,"50-54"
804,1995,"55-59"
804,1995,"60-64"
804,1995,"65-69"
804,1995,"70-74"
804,1995,"75-79"
804,1995,"80-84"
804,1995,"85-89"
804,1995,"90-94"
804,1995,"95-99"
804,1995,"100+"
784,1995,"0-4"
784,1995,"5-9"
784,1995,"10-14"
784,1995,"15-19"
784,1995,"20-24"
784,1995,"25-29"
784,1995,"30-34"
784,1995,"35-39"
784,1995,"40-44"
784,1995,"45-49"
784,1995,"50-54"
784,1995,"55-59"
784,1995,"60-64"
784,1995,"65-69"
784,1995,"70-74"
784,1995,"75-79"
784,1995,"80-84"
784,1995,"85-89"
784,1995,"90-94"
784,1995,"95-99"
784,1995,"100+"
826,1995,"0-4"
826,1995,"5-9"
826,1995,"10-14"
826,1995,"15-19"
826,1995,"20-24"
826,1995,"25-29"
826,1995,"30-34"
826,1995,"35-39"
826,1995,"40-44"
826,1995,"45-49"
826,1995,"50-54"
826,1995,"55-59"
826,1995,"60-64"
826,1995,"65-69"
826,1995,"70-74"
826,1995,"75-79"
826,1995,"80-84"
826,1995,"85-89"
826,1995,"90-94"
826,1995,"95-99"
826,1995,"100+"
834,1995,"0-4"
834,1995,"5-9"
834,1995,"10-14"
834,1995,"15-19"
834,1995,"20-24"
834,1995,"25-29"
834,1995,"30-34"
834,1995,"35-39"
834,1995,"40-44"
834,1995,"45-49"
834,1995,"50-54"
834,1995,"55-59"
834,1995,"60-64"
834,1995,"65-69"
834,1995,"70-74"
834,1995,"75-79"
834,1995,"80-84"
834,1995,"85-89"
834,1995,"90-94"
834,1995,"95-99"
834,1995,"100+"
840,1995,"0-4"
840,1995,"5-9"
840,1995,"10-14"
840,1995,"15-19"
840,1995,"20-24"
840,1995,"25-29"
840,1995,"30-34"
840,1995,"35-39"
840,1995,"40-44"
840,1995,"45-49"
840,1995,"50-54"
840,1995,"55-59"
840,1995,"60-64"
840,1995,"65-69"
840,1995,"70-74"
840,1995,"75-79"
840,1995,"80-84"
840,1995,"85-89"
840,1995,"90-94"
840,1995,"95-99"
840,1995,"100+"
858,1995,"0-4"
858,1995,"5-9"
858,1995,"10-14"
858,1995,"15-19"
858,1995,"20-24"
858,1995,"25-29"
858,1995,"30-34"
858,1995,"35-39"
858,1995,"40-44"
858,1995,"45-49"
858,1995,"50-54"
858,1995,"55-59"
858,1995,"60-64"
858,1995,"65-69"
858,1995,"70-74"
858,1995,"75-79"
858,1995,"80-84"
858,1995,"85-89"
858,1995,"90-94"
858,1995,"95-99"
858,1995,"100+"
860,1995,"0-4"
860,1995,"5-9"
860,1995,"10-14"
860,1995,"15-19"
860,1995,"20-24"
860,1995,"25-29"
860,1995,"30-34"
860,1995,"35-39"
860,1995,"40-44"
860,1995,"45-49"
860,1995,"50-54"
860,1995,"55-59"
860,1995,"60-64"
860,1995,"65-69"
860,1995,"70-74"
860,1995,"75-79"
860,1995,"80-84"
860,1995,"85-89"
860,1995,"90-94"
860,1995,"95-99"
860,1995,"100+"
548,1995,"0-4"
548,1995,"5-9"
548,1995,"10-14"
548,1995,"15-19"
548,1995,"20-24"
548,1995,"25-29"
548,1995,"30-34"
548,1995,"35-39"
548,1995,"40-44"
548,1995,"45-49"
548,1995,"50-54"
548,1995,"55-59"
548,1995,"60-64"
548,1995,"65-69"
548,1995,"70-74"
548,1995,"75-79"
548,1995,"80-84"
548,1995,"85-89"
548,1995,"90-94"
548,1995,"95-99"
548,1995,"100+"
862,1995,"0-4"
862,1995,"5-9"
862,1995,"10-14"
862,1995,"15-19"
862,1995,"20-24"
862,1995,"25-29"
862,1995,"30-34"
862,1995,"35-39"
862,1995,"40-44"
862,1995,"45-49"
862,1995,"50-54"
862,1995,"55-59"
862,1995,"60-64"
862,1995,"65-69"
862,1995,"70-74"
862,1995,"75-79"
862,1995,"80-84"
862,1995,"85-89"
862,1995,"90-94"
862,1995,"95-99"
862,1995,"100+"
704,1995,"0-4"
704,1995,"5-9"
704,1995,"10-14"
704,1995,"15-19"
704,1995,"20-24"
704,1995,"25-29"
704,1995,"30-34"
704,1995,"35-39"
704,1995,"40-44"
704,1995,"45-49"
704,1995,"50-54"
704,1995,"55-59"
704,1995,"60-64"
704,1995,"65-69"
704,1995,"70-74"
704,1995,"75-79"
704,1995,"80-84"
704,1995,"85-89"
704,1995,"90-94"
704,1995,"95-99"
704,1995,"100+"
914,1995,"0-4"
914,1995,"5-9"
914,1995,"10-14"
914,1995,"15-19"
914,1995,"20-24"
914,1995,"25-29"
914,1995,"30-34"
914,1995,"35-39"
914,1995,"40-44"
914,1995,"45-49"
914,1995,"50-54"
914,1995,"55-59"
914,1995,"60-64"
914,1995,"65-69"
914,1995,"70-74"
914,1995,"75-79"
914,1995,"80-84"
914,1995,"85-89"
914,1995,"90-94"
914,1995,"95-99"
914,1995,"100+"
922,1995,"0-4"
922,1995,"5-9"
922,1995,"10-14"
922,1995,"15-19"
922,1995,"20-24"
922,1995,"25-29"
922,1995,"30-34"
922,1995,"35-39"
922,1995,"40-44"
922,1995,"45-49"
922,1995,"50-54"
922,1995,"55-59"
922,1995,"60-64"
922,1995,"65-69"
922,1995,"70-74"
922,1995,"75-79"
922,1995,"80-84"
922,1995,"85-89"
922,1995,"90-94"
922,1995,"95-99"
922,1995,"100+"
926,1995,"0-4"
926,1995,"5-9"
926,1995,"10-14"
926,1995,"15-19"
926,1995,"20-24"
926,1995,"25-29"
926,1995,"30-34"
926,1995,"35-39"
926,1995,"40-44"
926,1995,"45-49"
926,1995,"50-54"
926,1995,"55-59"
926,1995,"60-64"
926,1995,"65-69"
926,1995,"70-74"
926,1995,"75-79"
926,1995,"80-84"
926,1995,"85-89"
926,1995,"90-94"
926,1995,"95-99"
926,1995,"100+"
732,1995,"0-4"
732,1995,"5-9"
732,1995,"10-14"
732,1995,"15-19"
732,1995,"20-24"
732,1995,"25-29"
732,1995,"30-34"
732,1995,"35-39"
732,1995,"40-44"
732,1995,"45-49"
732,1995,"50-54"
732,1995,"55-59"
732,1995,"60-64"
732,1995,"65-69"
732,1995,"70-74"
732,1995,"75-79"
732,1995,"80-84"
732,1995,"85-89"
732,1995,"90-94"
732,1995,"95-99"
732,1995,"100+"
900,1995,"0-4"
900,1995,"5-9"
900,1995,"10-14"
900,1995,"15-19"
900,1995,"20-24"
900,1995,"25-29"
900,1995,"30-34"
900,1995,"35-39"
900,1995,"40-44"
900,1995,"45-49"
900,1995,"50-54"
900,1995,"55-59"
900,1995,"60-64"
900,1995,"65-69"
900,1995,"70-74"
900,1995,"75-79"
900,1995,"80-84"
900,1995,"85-89"
900,1995,"90-94"
900,1995,"95-99"
900,1995,"100+"
887,1995,"0-4"
887,1995,"5-9"
887,1995,"10-14"
887,1995,"15-19"
887,1995,"20-24"
887,1995,"25-29"
887,1995,"30-34"
887,1995,"35-39"
887,1995,"40-44"
887,1995,"45-49"
887,1995,"50-54"
887,1995,"55-59"
887,1995,"60-64"
887,1995,"65-69"
887,1995,"70-74"
887,1995,"75-79"
887,1995,"80-84"
887,1995,"85-89"
887,1995,"90-94"
887,1995,"95-99"
887,1995,"100+"
894,1995,"0-4"
894,1995,"5-9"
894,1995,"10-14"
894,1995,"15-19"
894,1995,"20-24"
894,1995,"25-29"
894,1995,"30-34"
894,1995,"35-39"
894,1995,"40-44"
894,1995,"45-49"
894,1995,"50-54"
894,1995,"55-59"
894,1995,"60-64"
894,1995,"65-69"
894,1995,"70-74"
894,1995,"75-79"
894,1995,"80-84"
894,1995,"85-89"
894,1995,"90-94"
894,1995,"95-99"
894,1995,"100+"
716,1995,"0-4"
716,1995,"5-9"
716,1995,"10-14"
716,1995,"15-19"
716,1995,"20-24"
716,1995,"25-29"
716,1995,"30-34"
716,1995,"35-39"
716,1995,"40-44"
716,1995,"45-49"
716,1995,"50-54"
716,1995,"55-59"
716,1995,"60-64"
716,1995,"65-69"
716,1995,"70-74"
716,1995,"75-79"
716,1995,"80-84"
716,1995,"85-89"
716,1995,"90-94"
716,1995,"95-99"
716,1995,"100+"
