"LocID","Time"
4,"2020-2025"
4,"2025-2030"
4,"2030-2035"
4,"2035-2040"
4,"2040-2045"
4,"2045-2050"
4,"2050-2055"
4,"2055-2060"
4,"2060-2065"
4,"2065-2070"
4,"2070-2075"
4,"2075-2080"
4,"2080-2085"
4,"2085-2090"
4,"2090-2095"
4,"2095-2100"
903,"2020-2025"
903,"2025-2030"
903,"2030-2035"
903,"2035-2040"
903,"2040-2045"
903,"2045-2050"
903,"2050-2055"
903,"2055-2060"
903,"2060-2065"
903,"2065-2070"
903,"2070-2075"
903,"2075-2080"
903,"2080-2085"
903,"2085-2090"
903,"2090-2095"
903,"2095-2100"
8,"2020-2025"
8,"2025-2030"
8,"2030-2035"
8,"2035-2040"
8,"2040-2045"
8,"2045-2050"
8,"2050-2055"
8,"2055-2060"
8,"2060-2065"
8,"2065-2070"
8,"2070-2075"
8,"2075-2080"
8,"2080-2085"
8,"2085-2090"
8,"2090-2095"
8,"2095-2100"
12,"2020-2025"
12,"2025-2030"
12,"2030-2035"
12,"2035-2040"
12,"2040-2045"
12,"2045-2050"
12,"2050-2055"
12,"2055-2060"
12,"2060-2065"
12,"2065-2070"
12,"2070-2075"
12,"2075-2080"
12,"2080-2085"
12,"2085-2090"
12,"2090-2095"
12,"2095-2100"
16,"2020-2025"
16,"2025-2030"
16,"2030-2035"
16,"2035-2040"
16,"2040-2045"
16,"2045-2050"
16,"2050-2055"
16,"2055-2060"
16,"2060-2065"
16,"2065-2070"
16,"2070-2075"
16,"2075-2080"
16,"2080-2085"
16,"2085-2090"
16,"2090-2095"
16,"2095-2100"
20,"2020-2025"
20,"2025-2030"
20,"2030-2035"
20,"2035-2040"
20,"2040-2045"
20,"2045-2050"
20,"2050-2055"
20,"2055-2060"
20,"2060-2065"
20,"2065-2070"
20,"2070-2075"
20,"2075-2080"
20,"2080-2085"
20,"2085-2090"
20,"2090-2095"
20,"2095-2100"
24,"2020-2025"
24,"2025-2030"
24,"2030-2035"
24,"2035-2040"
24,"2040-2045"
24,"2045-2050"
24,"2050-2055"
24,"2055-2060"
24,"2060-2065"
24,"2065-2070"
24,"2070-2075"
24,"2075-2080"
24,"2080-2085"
24,"2085-2090"
24,"2090-2095"
24,"2095-2100"
660,"2020-2025"
660,"2025-2030"
660,"2030-2035"
660,"2035-2040"
660,"2040-2045"
660,"2045-2050"
660,"2050-2055"
660,"2055-2060"
660,"2060-2065"
660,"2065-2070"
660,"2070-2075"
660,"2075-2080"
660,"2080-2085"
660,"2085-2090"
660,"2090-2095"
660,"2095-2100"
28,"2020-2025"
28,"2025-2030"
28,"2030-2035"
28,"2035-2040"
28,"2040-2045"
28,"2045-2050"
28,"2050-2055"
28,"2055-2060"
28,"2060-2065"
28,"2065-2070"
28,"2070-2075"
28,"2075-2080"
28,"2080-2085"
28,"2085-2090"
28,"2090-2095"
28,"2095-2100"
32,"2020-2025"
32,"2025-2030"
32,"2030-2035"
32,"2035-2040"
32,"2040-2045"
32,"2045-2050"
32,"2050-2055"
32,"2055-2060"
32,"2060-2065"
32,"2065-2070"
32,"2070-2075"
32,"2075-2080"
32,"2080-2085"
32,"2085-2090"
32,"2090-2095"
32,"2095-2100"
51,"2020-2025"
51,"2025-2030"
51,"2030-2035"
51,"2035-2040"
51,"2040-2045"
51,"2045-2050"
51,"2050-2055"
51,"2055-2060"
51,"2060-2065"
51,"2065-2070"
51,"2070-2075"
51,"2075-2080"
51,"2080-2085"
51,"2085-2090"
51,"2090-2095"
51,"2095-2100"
533,"2020-2025"
533,"2025-2030"
533,"2030-2035"
533,"2035-2040"
533,"2040-2045"
533,"2045-2050"
533,"2050-2055"
533,"2055-2060"
533,"2060-2065"
533,"2065-2070"
533,"2070-2075"
533,"2075-2080"
533,"2080-2085"
533,"2085-2090"
533,"2090-2095"
533,"2095-2100"
935,"2020-2025"
935,"2025-2030"
935,"2030-2035"
935,"2035-2040"
935,"2040-2045"
935,"2045-2050"
935,"2050-2055"
935,"2055-2060"
935,"2060-2065"
935,"2065-2070"
935,"2070-2075"
935,"2075-2080"
935,"2080-2085"
935,"2085-2090"
935,"2090-2095"
935,"2095-2100"
36,"2020-2025"
36,"2025-2030"
36,"2030-2035"
36,"2035-2040"
36,"2040-2045"
36,"2045-2050"
36,"2050-2055"
36,"2055-2060"
36,"2060-2065"
36,"2065-2070"
36,"2070-2075"
36,"2075-2080"
36,"2080-2085"
36,"2085-2090"
36,"2090-2095"
36,"2095-2100"
927,"2020-2025"
927,"2025-2030"
927,"2030-2035"
927,"2035-2040"
927,"2040-2045"
927,"2045-2050"
927,"2050-2055"
927,"2055-2060"
927,"2060-2065"
927,"2065-2070"
927,"2070-2075"
927,"2075-2080"
927,"2080-2085"
927,"2085-2090"
927,"2090-2095"
927,"2095-2100"
40,"2020-2025"
40,"2025-2030"
40,"2030-2035"
40,"2035-2040"
40,"2040-2045"
40,"2045-2050"
40,"2050-2055"
40,"2055-2060"
40,"2060-2065"
40,"2065-2070"
40,"2070-2075"
40,"2075-2080"
40,"2080-2085"
40,"2085-2090"
40,"2090-2095"
40,"2095-2100"
31,"2020-2025"
31,"2025-2030"
31,"2030-2035"
31,"2035-2040"
31,"2040-2045"
31,"2045-2050"
31,"2050-2055"
31,"2055-2060"
31,"2060-2065"
31,"2065-2070"
31,"2070-2075"
31,"2075-2080"
31,"2080-2085"
31,"2085-2090"
31,"2090-2095"
31,"2095-2100"
44,"2020-2025"
44,"2025-2030"
44,"2030-2035"
44,"2035-2040"
44,"2040-2045"
44,"2045-2050"
44,"2050-2055"
44,"2055-2060"
44,"2060-2065"
44,"2065-2070"
44,"2070-2075"
44,"2075-2080"
44,"2080-2085"
44,"2085-2090"
44,"2090-2095"
44,"2095-2100"
48,"2020-2025"
48,"2025-2030"
48,"2030-2035"
48,"2035-2040"
48,"2040-2045"
48,"2045-2050"
48,"2050-2055"
48,"2055-2060"
48,"2060-2065"
48,"2065-2070"
48,"2070-2075"
48,"2075-2080"
48,"2080-2085"
48,"2085-2090"
48,"2090-2095"
48,"2095-2100"
50,"2020-2025"
50,"2025-2030"
50,"2030-2035"
50,"2035-2040"
50,"2040-2045"
50,"2045-2050"
50,"2050-2055"
50,"2055-2060"
50,"2060-2065"
50,"2065-2070"
50,"2070-2075"
50,"2075-2080"
50,"2080-2085"
50,"2085-2090"
50,"2090-2095"
50,"2095-2100"
52,"2020-2025"
52,"2025-2030"
52,"2030-2035"
52,"2035-2040"
52,"2040-2045"
52,"2045-2050"
52,"2050-2055"
52,"2055-2060"
52,"2060-2065"
52,"2065-2070"
52,"2070-2075"
52,"2075-2080"
52,"2080-2085"
52,"2085-2090"
52,"2090-2095"
52,"2095-2100"
112,"2020-2025"
112,"2025-2030"
112,"2030-2035"
112,"2035-2040"
112,"2040-2045"
112,"2045-2050"
112,"2050-2055"
112,"2055-2060"
112,"2060-2065"
112,"2065-2070"
112,"2070-2075"
112,"2075-2080"
112,"2080-2085"
112,"2085-2090"
112,"2090-2095"
112,"2095-2100"
56,"2020-2025"
56,"2025-2030"
56,"2030-2035"
56,"2035-2040"
56,"2040-2045"
56,"2045-2050"
56,"2050-2055"
56,"2055-2060"
56,"2060-2065"
56,"2065-2070"
56,"2070-2075"
56,"2075-2080"
56,"2080-2085"
56,"2085-2090"
56,"2090-2095"
56,"2095-2100"
84,"2020-2025"
84,"2025-2030"
84,"2030-2035"
84,"2035-2040"
84,"2040-2045"
84,"2045-2050"
84,"2050-2055"
84,"2055-2060"
84,"2060-2065"
84,"2065-2070"
84,"2070-2075"
84,"2075-2080"
84,"2080-2085"
84,"2085-2090"
84,"2090-2095"
84,"2095-2100"
204,"2020-2025"
204,"2025-2030"
204,"2030-2035"
204,"2035-2040"
204,"2040-2045"
204,"2045-2050"
204,"2050-2055"
204,"2055-2060"
204,"2060-2065"
204,"2065-2070"
204,"2070-2075"
204,"2075-2080"
204,"2080-2085"
204,"2085-2090"
204,"2090-2095"
204,"2095-2100"
60,"2020-2025"
60,"2025-2030"
60,"2030-2035"
60,"2035-2040"
60,"2040-2045"
60,"2045-2050"
60,"2050-2055"
60,"2055-2060"
60,"2060-2065"
60,"2065-2070"
60,"2070-2075"
60,"2075-2080"
60,"2080-2085"
60,"2085-2090"
60,"2090-2095"
60,"2095-2100"
64,"2020-2025"
64,"2025-2030"
64,"2030-2035"
64,"2035-2040"
64,"2040-2045"
64,"2045-2050"
64,"2050-2055"
64,"2055-2060"
64,"2060-2065"
64,"2065-2070"
64,"2070-2075"
64,"2075-2080"
64,"2080-2085"
64,"2085-2090"
64,"2090-2095"
64,"2095-2100"
68,"2020-2025"
68,"2025-2030"
68,"2030-2035"
68,"2035-2040"
68,"2040-2045"
68,"2045-2050"
68,"2050-2055"
68,"2055-2060"
68,"2060-2065"
68,"2065-2070"
68,"2070-2075"
68,"2075-2080"
68,"2080-2085"
68,"2085-2090"
68,"2090-2095"
68,"2095-2100"
535,"2020-2025"
535,"2025-2030"
535,"2030-2035"
535,"2035-2040"
535,"2040-2045"
535,"2045-2050"
535,"2050-2055"
535,"2055-2060"
535,"2060-2065"
535,"2065-2070"
535,"2070-2075"
535,"2075-2080"
535,"2080-2085"
535,"2085-2090"
535,"2090-2095"
535,"2095-2100"
70,"2020-2025"
70,"2025-2030"
70,"2030-2035"
70,"2035-2040"
70,"2040-2045"
70,"2045-2050"
70,"2050-2055"
70,"2055-2060"
70,"2060-2065"
70,"2065-2070"
70,"2070-2075"
70,"2075-2080"
70,"2080-2085"
70,"2085-2090"
70,"2090-2095"
70,"2095-2100"
72,"2020-2025"
72,"2025-2030"
72,"2030-2035"
72,"2035-2040"
72,"2040-2045"
72,"2045-2050"
72,"2050-2055"
72,"2055-2060"
72,"2060-2065"
72,"2065-2070"
72,"2070-2075"
72,"2075-2080"
72,"2080-2085"
72,"2085-2090"
72,"2090-2095"
72,"2095-2100"
76,"2020-2025"
76,"2025-2030"
76,"2030-2035"
76,"2035-2040"
76,"2040-2045"
76,"2045-2050"
76,"2050-2055"
76,"2055-2060"
76,"2060-2065"
76,"2065-2070"
76,"2070-2075"
76,"2075-2080"
76,"2080-2085"
76,"2085-2090"
76,"2090-2095"
76,"2095-2100"
92,"2020-2025"
92,"2025-2030"
92,"2030-2035"
92,"2035-2040"
92,"2040-2045"
92,"2045-2050"
92,"2050-2055"
92,"2055-2060"
92,"2060-2065"
92,"2065-2070"
92,"2070-2075"
92,"2075-2080"
92,"2080-2085"
92,"2085-2090"
92,"2090-2095"
92,"2095-2100"
96,"2020-2025"
96,"2025-2030"
96,"2030-2035"
96,"2035-2040"
96,"2040-2045"
96,"2045-2050"
96,"2050-2055"
96,"2055-2060"
96,"2060-2065"
96,"2065-2070"
96,"2070-2075"
96,"2075-2080"
96,"2080-2085"
96,"2085-2090"
96,"2090-2095"
96,"2095-2100"
100,"2020-2025"
100,"2025-2030"
100,"2030-2035"
100,"2035-2040"
100,"2040-2045"
100,"2045-2050"
100,"2050-2055"
100,"2055-2060"
100,"2060-2065"
100,"2065-2070"
100,"2070-2075"
100,"2075-2080"
100,"2080-2085"
100,"2085-2090"
100,"2090-2095"
100,"2095-2100"
854,"2020-2025"
854,"2025-2030"
854,"2030-2035"
854,"2035-2040"
854,"2040-2045"
854,"2045-2050"
854,"2050-2055"
854,"2055-2060"
854,"2060-2065"
854,"2065-2070"
854,"2070-2075"
854,"2075-2080"
854,"2080-2085"
854,"2085-2090"
854,"2090-2095"
854,"2095-2100"
108,"2020-2025"
108,"2025-2030"
108,"2030-2035"
108,"2035-2040"
108,"2040-2045"
108,"2045-2050"
108,"2050-2055"
108,"2055-2060"
108,"2060-2065"
108,"2065-2070"
108,"2070-2075"
108,"2075-2080"
108,"2080-2085"
108,"2085-2090"
108,"2090-2095"
108,"2095-2100"
132,"2020-2025"
132,"2025-2030"
132,"2030-2035"
132,"2035-2040"
132,"2040-2045"
132,"2045-2050"
132,"2050-2055"
132,"2055-2060"
132,"2060-2065"
132,"2065-2070"
132,"2070-2075"
132,"2075-2080"
132,"2080-2085"
132,"2085-2090"
132,"2090-2095"
132,"2095-2100"
116,"2020-2025"
116,"2025-2030"
116,"2030-2035"
116,"2035-2040"
116,"2040-2045"
116,"2045-2050"
116,"2050-2055"
116,"2055-2060"
116,"2060-2065"
116,"2065-2070"
116,"2070-2075"
116,"2075-2080"
116,"2080-2085"
116,"2085-2090"
116,"2090-2095"
116,"2095-2100"
120,"2020-2025"
120,"2025-2030"
120,"2030-2035"
120,"2035-2040"
120,"2040-2045"
120,"2045-2050"
120,"2050-2055"
120,"2055-2060"
120,"2060-2065"
120,"2065-2070"
120,"2070-2075"
120,"2075-2080"
120,"2080-2085"
120,"2085-2090"
120,"2090-2095"
120,"2095-2100"
124,"2020-2025"
124,"2025-2030"
124,"2030-2035"
124,"2035-2040"
124,"2040-2045"
124,"2045-2050"
124,"2050-2055"
124,"2055-2060"
124,"2060-2065"
124,"2065-2070"
124,"2070-2075"
124,"2075-2080"
124,"2080-2085"
124,"2085-2090"
124,"2090-2095"
124,"2095-2100"
915,"2020-2025"
915,"2025-2030"
915,"2030-2035"
915,"2035-2040"
915,"2040-2045"
915,"2045-2050"
915,"2050-2055"
915,"2055-2060"
915,"2060-2065"
915,"2065-2070"
915,"2070-2075"
915,"2075-2080"
915,"2080-2085"
915,"2085-2090"
915,"2090-2095"
915,"2095-2100"
136,"2020-2025"
136,"2025-2030"
136,"2030-2035"
136,"2035-2040"
136,"2040-2045"
136,"2045-2050"
136,"2050-2055"
136,"2055-2060"
136,"2060-2065"
136,"2065-2070"
136,"2070-2075"
136,"2075-2080"
136,"2080-2085"
136,"2085-2090"
136,"2090-2095"
136,"2095-2100"
140,"2020-2025"
140,"2025-2030"
140,"2030-2035"
140,"2035-2040"
140,"2040-2045"
140,"2045-2050"
140,"2050-2055"
140,"2055-2060"
140,"2060-2065"
140,"2065-2070"
140,"2070-2075"
140,"2075-2080"
140,"2080-2085"
140,"2085-2090"
140,"2090-2095"
140,"2095-2100"
916,"2020-2025"
916,"2025-2030"
916,"2030-2035"
916,"2035-2040"
916,"2040-2045"
916,"2045-2050"
916,"2050-2055"
916,"2055-2060"
916,"2060-2065"
916,"2065-2070"
916,"2070-2075"
916,"2075-2080"
916,"2080-2085"
916,"2085-2090"
916,"2090-2095"
916,"2095-2100"
5500,"2020-2025"
5500,"2025-2030"
5500,"2030-2035"
5500,"2035-2040"
5500,"2040-2045"
5500,"2045-2050"
5500,"2050-2055"
5500,"2055-2060"
5500,"2060-2065"
5500,"2065-2070"
5500,"2070-2075"
5500,"2075-2080"
5500,"2080-2085"
5500,"2085-2090"
5500,"2090-2095"
5500,"2095-2100"
921,"2020-2025"
921,"2025-2030"
921,"2030-2035"
921,"2035-2040"
921,"2040-2045"
921,"2045-2050"
921,"2050-2055"
921,"2055-2060"
921,"2060-2065"
921,"2065-2070"
921,"2070-2075"
921,"2075-2080"
921,"2080-2085"
921,"2085-2090"
921,"2090-2095"
921,"2095-2100"
148,"2020-2025"
148,"2025-2030"
148,"2030-2035"
148,"2035-2040"
148,"2040-2045"
148,"2045-2050"
148,"2050-2055"
148,"2055-2060"
148,"2060-2065"
148,"2065-2070"
148,"2070-2075"
148,"2075-2080"
148,"2080-2085"
148,"2085-2090"
148,"2090-2095"
148,"2095-2100"
830,"2020-2025"
830,"2025-2030"
830,"2030-2035"
830,"2035-2040"
830,"2040-2045"
830,"2045-2050"
830,"2050-2055"
830,"2055-2060"
830,"2060-2065"
830,"2065-2070"
830,"2070-2075"
830,"2075-2080"
830,"2080-2085"
830,"2085-2090"
830,"2090-2095"
830,"2095-2100"
152,"2020-2025"
152,"2025-2030"
152,"2030-2035"
152,"2035-2040"
152,"2040-2045"
152,"2045-2050"
152,"2050-2055"
152,"2055-2060"
152,"2060-2065"
152,"2065-2070"
152,"2070-2075"
152,"2075-2080"
152,"2080-2085"
152,"2085-2090"
152,"2090-2095"
152,"2095-2100"
156,"2020-2025"
156,"2025-2030"
156,"2030-2035"
156,"2035-2040"
156,"2040-2045"
156,"2045-2050"
156,"2050-2055"
156,"2055-2060"
156,"2060-2065"
156,"2065-2070"
156,"2070-2075"
156,"2075-2080"
156,"2080-2085"
156,"2085-2090"
156,"2090-2095"
156,"2095-2100"
344,"2020-2025"
344,"2025-2030"
344,"2030-2035"
344,"2035-2040"
344,"2040-2045"
344,"2045-2050"
344,"2050-2055"
344,"2055-2060"
344,"2060-2065"
344,"2065-2070"
344,"2070-2075"
344,"2075-2080"
344,"2080-2085"
344,"2085-2090"
344,"2090-2095"
344,"2095-2100"
446,"2020-2025"
446,"2025-2030"
446,"2030-2035"
446,"2035-2040"
446,"2040-2045"
446,"2045-2050"
446,"2050-2055"
446,"2055-2060"
446,"2060-2065"
446,"2065-2070"
446,"2070-2075"
446,"2075-2080"
446,"2080-2085"
446,"2085-2090"
446,"2090-2095"
446,"2095-2100"
158,"2020-2025"
158,"2025-2030"
158,"2030-2035"
158,"2035-2040"
158,"2040-2045"
158,"2045-2050"
158,"2050-2055"
158,"2055-2060"
158,"2060-2065"
158,"2065-2070"
158,"2070-2075"
158,"2075-2080"
158,"2080-2085"
158,"2085-2090"
158,"2090-2095"
158,"2095-2100"
170,"2020-2025"
170,"2025-2030"
170,"2030-2035"
170,"2035-2040"
170,"2040-2045"
170,"2045-2050"
170,"2050-2055"
170,"2055-2060"
170,"2060-2065"
170,"2065-2070"
170,"2070-2075"
170,"2075-2080"
170,"2080-2085"
170,"2085-2090"
170,"2090-2095"
170,"2095-2100"
174,"2020-2025"
174,"2025-2030"
174,"2030-2035"
174,"2035-2040"
174,"2040-2045"
174,"2045-2050"
174,"2050-2055"
174,"2055-2060"
174,"2060-2065"
174,"2065-2070"
174,"2070-2075"
174,"2075-2080"
174,"2080-2085"
174,"2085-2090"
174,"2090-2095"
174,"2095-2100"
178,"2020-2025"
178,"2025-2030"
178,"2030-2035"
178,"2035-2040"
178,"2040-2045"
178,"2045-2050"
178,"2050-2055"
178,"2055-2060"
178,"2060-2065"
178,"2065-2070"
178,"2070-2075"
178,"2075-2080"
178,"2080-2085"
178,"2085-2090"
178,"2090-2095"
178,"2095-2100"
184,"2020-2025"
184,"2025-2030"
184,"2030-2035"
184,"2035-2040"
184,"2040-2045"
184,"2045-2050"
184,"2050-2055"
184,"2055-2060"
184,"2060-2065"
184,"2065-2070"
184,"2070-2075"
184,"2075-2080"
184,"2080-2085"
184,"2085-2090"
184,"2090-2095"
184,"2095-2100"
188,"2020-2025"
188,"2025-2030"
188,"2030-2035"
188,"2035-2040"
188,"2040-2045"
188,"2045-2050"
188,"2050-2055"
188,"2055-2060"
188,"2060-2065"
188,"2065-2070"
188,"2070-2075"
188,"2075-2080"
188,"2080-2085"
188,"2085-2090"
188,"2090-2095"
188,"2095-2100"
191,"2020-2025"
191,"2025-2030"
191,"2030-2035"
191,"2035-2040"
191,"2040-2045"
191,"2045-2050"
191,"2050-2055"
191,"2055-2060"
191,"2060-2065"
191,"2065-2070"
191,"2070-2075"
191,"2075-2080"
191,"2080-2085"
191,"2085-2090"
191,"2090-2095"
191,"2095-2100"
192,"2020-2025"
192,"2025-2030"
192,"2030-2035"
192,"2035-2040"
192,"2040-2045"
192,"2045-2050"
192,"2050-2055"
192,"2055-2060"
192,"2060-2065"
192,"2065-2070"
192,"2070-2075"
192,"2075-2080"
192,"2080-2085"
192,"2085-2090"
192,"2090-2095"
192,"2095-2100"
531,"2020-2025"
531,"2025-2030"
531,"2030-2035"
531,"2035-2040"
531,"2040-2045"
531,"2045-2050"
531,"2050-2055"
531,"2055-2060"
531,"2060-2065"
531,"2065-2070"
531,"2070-2075"
531,"2075-2080"
531,"2080-2085"
531,"2085-2090"
531,"2090-2095"
531,"2095-2100"
196,"2020-2025"
196,"2025-2030"
196,"2030-2035"
196,"2035-2040"
196,"2040-2045"
196,"2045-2050"
196,"2050-2055"
196,"2055-2060"
196,"2060-2065"
196,"2065-2070"
196,"2070-2075"
196,"2075-2080"
196,"2080-2085"
196,"2085-2090"
196,"2090-2095"
196,"2095-2100"
203,"2020-2025"
203,"2025-2030"
203,"2030-2035"
203,"2035-2040"
203,"2040-2045"
203,"2045-2050"
203,"2050-2055"
203,"2055-2060"
203,"2060-2065"
203,"2065-2070"
203,"2070-2075"
203,"2075-2080"
203,"2080-2085"
203,"2085-2090"
203,"2090-2095"
203,"2095-2100"
384,"2020-2025"
384,"2025-2030"
384,"2030-2035"
384,"2035-2040"
384,"2040-2045"
384,"2045-2050"
384,"2050-2055"
384,"2055-2060"
384,"2060-2065"
384,"2065-2070"
384,"2070-2075"
384,"2075-2080"
384,"2080-2085"
384,"2085-2090"
384,"2090-2095"
384,"2095-2100"
408,"2020-2025"
408,"2025-2030"
408,"2030-2035"
408,"2035-2040"
408,"2040-2045"
408,"2045-2050"
408,"2050-2055"
408,"2055-2060"
408,"2060-2065"
408,"2065-2070"
408,"2070-2075"
408,"2075-2080"
408,"2080-2085"
408,"2085-2090"
408,"2090-2095"
408,"2095-2100"
180,"2020-2025"
180,"2025-2030"
180,"2030-2035"
180,"2035-2040"
180,"2040-2045"
180,"2045-2050"
180,"2050-2055"
180,"2055-2060"
180,"2060-2065"
180,"2065-2070"
180,"2070-2075"
180,"2075-2080"
180,"2080-2085"
180,"2085-2090"
180,"2090-2095"
180,"2095-2100"
208,"2020-2025"
208,"2025-2030"
208,"2030-2035"
208,"2035-2040"
208,"2040-2045"
208,"2045-2050"
208,"2050-2055"
208,"2055-2060"
208,"2060-2065"
208,"2065-2070"
208,"2070-2075"
208,"2075-2080"
208,"2080-2085"
208,"2085-2090"
208,"2090-2095"
208,"2095-2100"
262,"2020-2025"
262,"2025-2030"
262,"2030-2035"
262,"2035-2040"
262,"2040-2045"
262,"2045-2050"
262,"2050-2055"
262,"2055-2060"
262,"2060-2065"
262,"2065-2070"
262,"2070-2075"
262,"2075-2080"
262,"2080-2085"
262,"2085-2090"
262,"2090-2095"
262,"2095-2100"
212,"2020-2025"
212,"2025-2030"
212,"2030-2035"
212,"2035-2040"
212,"2040-2045"
212,"2045-2050"
212,"2050-2055"
212,"2055-2060"
212,"2060-2065"
212,"2065-2070"
212,"2070-2075"
212,"2075-2080"
212,"2080-2085"
212,"2085-2090"
212,"2090-2095"
212,"2095-2100"
214,"2020-2025"
214,"2025-2030"
214,"2030-2035"
214,"2035-2040"
214,"2040-2045"
214,"2045-2050"
214,"2050-2055"
214,"2055-2060"
214,"2060-2065"
214,"2065-2070"
214,"2070-2075"
214,"2075-2080"
214,"2080-2085"
214,"2085-2090"
214,"2090-2095"
214,"2095-2100"
910,"2020-2025"
910,"2025-2030"
910,"2030-2035"
910,"2035-2040"
910,"2040-2045"
910,"2045-2050"
910,"2050-2055"
910,"2055-2060"
910,"2060-2065"
910,"2065-2070"
910,"2070-2075"
910,"2075-2080"
910,"2080-2085"
910,"2085-2090"
910,"2090-2095"
910,"2095-2100"
906,"2020-2025"
906,"2025-2030"
906,"2030-2035"
906,"2035-2040"
906,"2040-2045"
906,"2045-2050"
906,"2050-2055"
906,"2055-2060"
906,"2060-2065"
906,"2065-2070"
906,"2070-2075"
906,"2075-2080"
906,"2080-2085"
906,"2085-2090"
906,"2090-2095"
906,"2095-2100"
923,"2020-2025"
923,"2025-2030"
923,"2030-2035"
923,"2035-2040"
923,"2040-2045"
923,"2045-2050"
923,"2050-2055"
923,"2055-2060"
923,"2060-2065"
923,"2065-2070"
923,"2070-2075"
923,"2075-2080"
923,"2080-2085"
923,"2085-2090"
923,"2090-2095"
923,"2095-2100"
1832,"2020-2025"
1832,"2025-2030"
1832,"2030-2035"
1832,"2035-2040"
1832,"2040-2045"
1832,"2045-2050"
1832,"2050-2055"
1832,"2055-2060"
1832,"2060-2065"
1832,"2065-2070"
1832,"2070-2075"
1832,"2075-2080"
1832,"2080-2085"
1832,"2085-2090"
1832,"2090-2095"
1832,"2095-2100"
218,"2020-2025"
218,"2025-2030"
218,"2030-2035"
218,"2035-2040"
218,"2040-2045"
218,"2045-2050"
218,"2050-2055"
218,"2055-2060"
218,"2060-2065"
218,"2065-2070"
218,"2070-2075"
218,"2075-2080"
218,"2080-2085"
218,"2085-2090"
218,"2090-2095"
218,"2095-2100"
818,"2020-2025"
818,"2025-2030"
818,"2030-2035"
818,"2035-2040"
818,"2040-2045"
818,"2045-2050"
818,"2050-2055"
818,"2055-2060"
818,"2060-2065"
818,"2065-2070"
818,"2070-2075"
818,"2075-2080"
818,"2080-2085"
818,"2085-2090"
818,"2090-2095"
818,"2095-2100"
222,"2020-2025"
222,"2025-2030"
222,"2030-2035"
222,"2035-2040"
222,"2040-2045"
222,"2045-2050"
222,"2050-2055"
222,"2055-2060"
222,"2060-2065"
222,"2065-2070"
222,"2070-2075"
222,"2075-2080"
222,"2080-2085"
222,"2085-2090"
222,"2090-2095"
222,"2095-2100"
226,"2020-2025"
226,"2025-2030"
226,"2030-2035"
226,"2035-2040"
226,"2040-2045"
226,"2045-2050"
226,"2050-2055"
226,"2055-2060"
226,"2060-2065"
226,"2065-2070"
226,"2070-2075"
226,"2075-2080"
226,"2080-2085"
226,"2085-2090"
226,"2090-2095"
226,"2095-2100"
232,"2020-2025"
232,"2025-2030"
232,"2030-2035"
232,"2035-2040"
232,"2040-2045"
232,"2045-2050"
232,"2050-2055"
232,"2055-2060"
232,"2060-2065"
232,"2065-2070"
232,"2070-2075"
232,"2075-2080"
232,"2080-2085"
232,"2085-2090"
232,"2090-2095"
232,"2095-2100"
233,"2020-2025"
233,"2025-2030"
233,"2030-2035"
233,"2035-2040"
233,"2040-2045"
233,"2045-2050"
233,"2050-2055"
233,"2055-2060"
233,"2060-2065"
233,"2065-2070"
233,"2070-2075"
233,"2075-2080"
233,"2080-2085"
233,"2085-2090"
233,"2090-2095"
233,"2095-2100"
748,"2020-2025"
748,"2025-2030"
748,"2030-2035"
748,"2035-2040"
748,"2040-2045"
748,"2045-2050"
748,"2050-2055"
748,"2055-2060"
748,"2060-2065"
748,"2065-2070"
748,"2070-2075"
748,"2075-2080"
748,"2080-2085"
748,"2085-2090"
748,"2090-2095"
748,"2095-2100"
231,"2020-2025"
231,"2025-2030"
231,"2030-2035"
231,"2035-2040"
231,"2040-2045"
231,"2045-2050"
231,"2050-2055"
231,"2055-2060"
231,"2060-2065"
231,"2065-2070"
231,"2070-2075"
231,"2075-2080"
231,"2080-2085"
231,"2085-2090"
231,"2090-2095"
231,"2095-2100"
917,"2020-2025"
908,"2020-2025"
917,"2025-2030"
908,"2025-2030"
908,"2030-2035"
917,"2030-2035"
908,"2035-2040"
917,"2035-2040"
917,"2040-2045"
908,"2040-2045"
908,"2045-2050"
917,"2045-2050"
908,"2050-2055"
917,"2050-2055"
908,"2055-2060"
917,"2055-2060"
908,"2060-2065"
917,"2060-2065"
908,"2065-2070"
917,"2065-2070"
908,"2070-2075"
917,"2070-2075"
908,"2075-2080"
917,"2075-2080"
917,"2080-2085"
908,"2080-2085"
908,"2085-2090"
917,"2085-2090"
917,"2090-2095"
908,"2090-2095"
917,"2095-2100"
908,"2095-2100"
1829,"2020-2025"
1829,"2025-2030"
1829,"2030-2035"
1829,"2035-2040"
1829,"2040-2045"
1829,"2045-2050"
1829,"2050-2055"
1829,"2055-2060"
1829,"2060-2065"
1829,"2065-2070"
1829,"2070-2075"
1829,"2075-2080"
1829,"2080-2085"
1829,"2085-2090"
1829,"2090-2095"
1829,"2095-2100"
238,"2020-2025"
238,"2025-2030"
238,"2030-2035"
238,"2035-2040"
238,"2040-2045"
238,"2045-2050"
238,"2050-2055"
238,"2055-2060"
238,"2060-2065"
238,"2065-2070"
238,"2070-2075"
238,"2075-2080"
238,"2080-2085"
238,"2085-2090"
238,"2090-2095"
238,"2095-2100"
234,"2020-2025"
234,"2025-2030"
234,"2030-2035"
234,"2035-2040"
234,"2040-2045"
234,"2045-2050"
234,"2050-2055"
234,"2055-2060"
234,"2060-2065"
234,"2065-2070"
234,"2070-2075"
234,"2075-2080"
234,"2080-2085"
234,"2085-2090"
234,"2090-2095"
234,"2095-2100"
242,"2020-2025"
242,"2025-2030"
242,"2030-2035"
242,"2035-2040"
242,"2040-2045"
242,"2045-2050"
242,"2050-2055"
242,"2055-2060"
242,"2060-2065"
242,"2065-2070"
242,"2070-2075"
242,"2075-2080"
242,"2080-2085"
242,"2085-2090"
242,"2090-2095"
242,"2095-2100"
246,"2020-2025"
246,"2025-2030"
246,"2030-2035"
246,"2035-2040"
246,"2040-2045"
246,"2045-2050"
246,"2050-2055"
246,"2055-2060"
246,"2060-2065"
246,"2065-2070"
246,"2070-2075"
246,"2075-2080"
246,"2080-2085"
246,"2085-2090"
246,"2090-2095"
246,"2095-2100"
250,"2020-2025"
250,"2025-2030"
250,"2030-2035"
250,"2035-2040"
250,"2040-2045"
250,"2045-2050"
250,"2050-2055"
250,"2055-2060"
250,"2060-2065"
250,"2065-2070"
250,"2070-2075"
250,"2075-2080"
250,"2080-2085"
250,"2085-2090"
250,"2090-2095"
250,"2095-2100"
254,"2020-2025"
254,"2025-2030"
254,"2030-2035"
254,"2035-2040"
254,"2040-2045"
254,"2045-2050"
254,"2050-2055"
254,"2055-2060"
254,"2060-2065"
254,"2065-2070"
254,"2070-2075"
254,"2075-2080"
254,"2080-2085"
254,"2085-2090"
254,"2090-2095"
254,"2095-2100"
258,"2020-2025"
258,"2025-2030"
258,"2030-2035"
258,"2035-2040"
258,"2040-2045"
258,"2045-2050"
258,"2050-2055"
258,"2055-2060"
258,"2060-2065"
258,"2065-2070"
258,"2070-2075"
258,"2075-2080"
258,"2080-2085"
258,"2085-2090"
258,"2090-2095"
258,"2095-2100"
266,"2020-2025"
266,"2025-2030"
266,"2030-2035"
266,"2035-2040"
266,"2040-2045"
266,"2045-2050"
266,"2050-2055"
266,"2055-2060"
266,"2060-2065"
266,"2065-2070"
266,"2070-2075"
266,"2075-2080"
266,"2080-2085"
266,"2085-2090"
266,"2090-2095"
266,"2095-2100"
270,"2020-2025"
270,"2025-2030"
270,"2030-2035"
270,"2035-2040"
270,"2040-2045"
270,"2045-2050"
270,"2050-2055"
270,"2055-2060"
270,"2060-2065"
270,"2065-2070"
270,"2070-2075"
270,"2075-2080"
270,"2080-2085"
270,"2085-2090"
270,"2090-2095"
270,"2095-2100"
268,"2020-2025"
268,"2025-2030"
268,"2030-2035"
268,"2035-2040"
268,"2040-2045"
268,"2045-2050"
268,"2050-2055"
268,"2055-2060"
268,"2060-2065"
268,"2065-2070"
268,"2070-2075"
268,"2075-2080"
268,"2080-2085"
268,"2085-2090"
268,"2090-2095"
268,"2095-2100"
276,"2020-2025"
276,"2025-2030"
276,"2030-2035"
276,"2035-2040"
276,"2040-2045"
276,"2045-2050"
276,"2050-2055"
276,"2055-2060"
276,"2060-2065"
276,"2065-2070"
276,"2070-2075"
276,"2075-2080"
276,"2080-2085"
276,"2085-2090"
276,"2090-2095"
276,"2095-2100"
288,"2020-2025"
288,"2025-2030"
288,"2030-2035"
288,"2035-2040"
288,"2040-2045"
288,"2045-2050"
288,"2050-2055"
288,"2055-2060"
288,"2060-2065"
288,"2065-2070"
288,"2070-2075"
288,"2075-2080"
288,"2080-2085"
288,"2085-2090"
288,"2090-2095"
288,"2095-2100"
292,"2020-2025"
292,"2025-2030"
292,"2030-2035"
292,"2035-2040"
292,"2040-2045"
292,"2045-2050"
292,"2050-2055"
292,"2055-2060"
292,"2060-2065"
292,"2065-2070"
292,"2070-2075"
292,"2075-2080"
292,"2080-2085"
292,"2085-2090"
292,"2090-2095"
292,"2095-2100"
300,"2020-2025"
300,"2025-2030"
300,"2030-2035"
300,"2035-2040"
300,"2040-2045"
300,"2045-2050"
300,"2050-2055"
300,"2055-2060"
300,"2060-2065"
300,"2065-2070"
300,"2070-2075"
300,"2075-2080"
300,"2080-2085"
300,"2085-2090"
300,"2090-2095"
300,"2095-2100"
304,"2020-2025"
304,"2025-2030"
304,"2030-2035"
304,"2035-2040"
304,"2040-2045"
304,"2045-2050"
304,"2050-2055"
304,"2055-2060"
304,"2060-2065"
304,"2065-2070"
304,"2070-2075"
304,"2075-2080"
304,"2080-2085"
304,"2085-2090"
304,"2090-2095"
304,"2095-2100"
308,"2020-2025"
308,"2025-2030"
308,"2030-2035"
308,"2035-2040"
308,"2040-2045"
308,"2045-2050"
308,"2050-2055"
308,"2055-2060"
308,"2060-2065"
308,"2065-2070"
308,"2070-2075"
308,"2075-2080"
308,"2080-2085"
308,"2085-2090"
308,"2090-2095"
308,"2095-2100"
312,"2020-2025"
312,"2025-2030"
312,"2030-2035"
312,"2035-2040"
312,"2040-2045"
312,"2045-2050"
312,"2050-2055"
312,"2055-2060"
312,"2060-2065"
312,"2065-2070"
312,"2070-2075"
312,"2075-2080"
312,"2080-2085"
312,"2085-2090"
312,"2090-2095"
312,"2095-2100"
316,"2020-2025"
316,"2025-2030"
316,"2030-2035"
316,"2035-2040"
316,"2040-2045"
316,"2045-2050"
316,"2050-2055"
316,"2055-2060"
316,"2060-2065"
316,"2065-2070"
316,"2070-2075"
316,"2075-2080"
316,"2080-2085"
316,"2085-2090"
316,"2090-2095"
316,"2095-2100"
320,"2020-2025"
320,"2025-2030"
320,"2030-2035"
320,"2035-2040"
320,"2040-2045"
320,"2045-2050"
320,"2050-2055"
320,"2055-2060"
320,"2060-2065"
320,"2065-2070"
320,"2070-2075"
320,"2075-2080"
320,"2080-2085"
320,"2085-2090"
320,"2090-2095"
320,"2095-2100"
324,"2020-2025"
324,"2025-2030"
324,"2030-2035"
324,"2035-2040"
324,"2040-2045"
324,"2045-2050"
324,"2050-2055"
324,"2055-2060"
324,"2060-2065"
324,"2065-2070"
324,"2070-2075"
324,"2075-2080"
324,"2080-2085"
324,"2085-2090"
324,"2090-2095"
324,"2095-2100"
624,"2020-2025"
624,"2025-2030"
624,"2030-2035"
624,"2035-2040"
624,"2040-2045"
624,"2045-2050"
624,"2050-2055"
624,"2055-2060"
624,"2060-2065"
624,"2065-2070"
624,"2070-2075"
624,"2075-2080"
624,"2080-2085"
624,"2085-2090"
624,"2090-2095"
624,"2095-2100"
328,"2020-2025"
328,"2025-2030"
328,"2030-2035"
328,"2035-2040"
328,"2040-2045"
328,"2045-2050"
328,"2050-2055"
328,"2055-2060"
328,"2060-2065"
328,"2065-2070"
328,"2070-2075"
328,"2075-2080"
328,"2080-2085"
328,"2085-2090"
328,"2090-2095"
328,"2095-2100"
332,"2020-2025"
332,"2025-2030"
332,"2030-2035"
332,"2035-2040"
332,"2040-2045"
332,"2045-2050"
332,"2050-2055"
332,"2055-2060"
332,"2060-2065"
332,"2065-2070"
332,"2070-2075"
332,"2075-2080"
332,"2080-2085"
332,"2085-2090"
332,"2090-2095"
332,"2095-2100"
1503,"2020-2025"
1503,"2025-2030"
1503,"2030-2035"
1503,"2035-2040"
1503,"2040-2045"
1503,"2045-2050"
1503,"2050-2055"
1503,"2055-2060"
1503,"2060-2065"
1503,"2065-2070"
1503,"2070-2075"
1503,"2075-2080"
1503,"2080-2085"
1503,"2085-2090"
1503,"2090-2095"
1503,"2095-2100"
336,"2020-2025"
336,"2025-2030"
336,"2030-2035"
336,"2035-2040"
336,"2040-2045"
336,"2045-2050"
336,"2050-2055"
336,"2055-2060"
336,"2060-2065"
336,"2065-2070"
336,"2070-2075"
336,"2075-2080"
336,"2080-2085"
336,"2085-2090"
336,"2090-2095"
336,"2095-2100"
340,"2020-2025"
340,"2025-2030"
340,"2030-2035"
340,"2035-2040"
340,"2040-2045"
340,"2045-2050"
340,"2050-2055"
340,"2055-2060"
340,"2060-2065"
340,"2065-2070"
340,"2070-2075"
340,"2075-2080"
340,"2080-2085"
340,"2085-2090"
340,"2090-2095"
340,"2095-2100"
348,"2020-2025"
348,"2025-2030"
348,"2030-2035"
348,"2035-2040"
348,"2040-2045"
348,"2045-2050"
348,"2050-2055"
348,"2055-2060"
348,"2060-2065"
348,"2065-2070"
348,"2070-2075"
348,"2075-2080"
348,"2080-2085"
348,"2085-2090"
348,"2090-2095"
348,"2095-2100"
352,"2020-2025"
352,"2025-2030"
352,"2030-2035"
352,"2035-2040"
352,"2040-2045"
352,"2045-2050"
352,"2050-2055"
352,"2055-2060"
352,"2060-2065"
352,"2065-2070"
352,"2070-2075"
352,"2075-2080"
352,"2080-2085"
352,"2085-2090"
352,"2090-2095"
352,"2095-2100"
356,"2020-2025"
356,"2025-2030"
356,"2030-2035"
356,"2035-2040"
356,"2040-2045"
356,"2045-2050"
356,"2050-2055"
356,"2055-2060"
356,"2060-2065"
356,"2065-2070"
356,"2070-2075"
356,"2075-2080"
356,"2080-2085"
356,"2085-2090"
356,"2090-2095"
356,"2095-2100"
360,"2020-2025"
360,"2025-2030"
360,"2030-2035"
360,"2035-2040"
360,"2040-2045"
360,"2045-2050"
360,"2050-2055"
360,"2055-2060"
360,"2060-2065"
360,"2065-2070"
360,"2070-2075"
360,"2075-2080"
360,"2080-2085"
360,"2085-2090"
360,"2090-2095"
360,"2095-2100"
364,"2020-2025"
364,"2025-2030"
364,"2030-2035"
364,"2035-2040"
364,"2040-2045"
364,"2045-2050"
364,"2050-2055"
364,"2055-2060"
364,"2060-2065"
364,"2065-2070"
364,"2070-2075"
364,"2075-2080"
364,"2080-2085"
364,"2085-2090"
364,"2090-2095"
364,"2095-2100"
368,"2020-2025"
368,"2025-2030"
368,"2030-2035"
368,"2035-2040"
368,"2040-2045"
368,"2045-2050"
368,"2050-2055"
368,"2055-2060"
368,"2060-2065"
368,"2065-2070"
368,"2070-2075"
368,"2075-2080"
368,"2080-2085"
368,"2085-2090"
368,"2090-2095"
368,"2095-2100"
372,"2020-2025"
372,"2025-2030"
372,"2030-2035"
372,"2035-2040"
372,"2040-2045"
372,"2045-2050"
372,"2050-2055"
372,"2055-2060"
372,"2060-2065"
372,"2065-2070"
372,"2070-2075"
372,"2075-2080"
372,"2080-2085"
372,"2085-2090"
372,"2090-2095"
372,"2095-2100"
833,"2020-2025"
833,"2025-2030"
833,"2030-2035"
833,"2035-2040"
833,"2040-2045"
833,"2045-2050"
833,"2050-2055"
833,"2055-2060"
833,"2060-2065"
833,"2065-2070"
833,"2070-2075"
833,"2075-2080"
833,"2080-2085"
833,"2085-2090"
833,"2090-2095"
833,"2095-2100"
376,"2020-2025"
376,"2025-2030"
376,"2030-2035"
376,"2035-2040"
376,"2040-2045"
376,"2045-2050"
376,"2050-2055"
376,"2055-2060"
376,"2060-2065"
376,"2065-2070"
376,"2070-2075"
376,"2075-2080"
376,"2080-2085"
376,"2085-2090"
376,"2090-2095"
376,"2095-2100"
380,"2020-2025"
380,"2025-2030"
380,"2030-2035"
380,"2035-2040"
380,"2040-2045"
380,"2045-2050"
380,"2050-2055"
380,"2055-2060"
380,"2060-2065"
380,"2065-2070"
380,"2070-2075"
380,"2075-2080"
380,"2080-2085"
380,"2085-2090"
380,"2090-2095"
380,"2095-2100"
388,"2020-2025"
388,"2025-2030"
388,"2030-2035"
388,"2035-2040"
388,"2040-2045"
388,"2045-2050"
388,"2050-2055"
388,"2055-2060"
388,"2060-2065"
388,"2065-2070"
388,"2070-2075"
388,"2075-2080"
388,"2080-2085"
388,"2085-2090"
388,"2090-2095"
388,"2095-2100"
392,"2020-2025"
392,"2025-2030"
392,"2030-2035"
392,"2035-2040"
392,"2040-2045"
392,"2045-2050"
392,"2050-2055"
392,"2055-2060"
392,"2060-2065"
392,"2065-2070"
392,"2070-2075"
392,"2075-2080"
392,"2080-2085"
392,"2085-2090"
392,"2090-2095"
392,"2095-2100"
400,"2020-2025"
400,"2025-2030"
400,"2030-2035"
400,"2035-2040"
400,"2040-2045"
400,"2045-2050"
400,"2050-2055"
400,"2055-2060"
400,"2060-2065"
400,"2065-2070"
400,"2070-2075"
400,"2075-2080"
400,"2080-2085"
400,"2085-2090"
400,"2090-2095"
400,"2095-2100"
398,"2020-2025"
398,"2025-2030"
398,"2030-2035"
398,"2035-2040"
398,"2040-2045"
398,"2045-2050"
398,"2050-2055"
398,"2055-2060"
398,"2060-2065"
398,"2065-2070"
398,"2070-2075"
398,"2075-2080"
398,"2080-2085"
398,"2085-2090"
398,"2090-2095"
398,"2095-2100"
404,"2020-2025"
404,"2025-2030"
404,"2030-2035"
404,"2035-2040"
404,"2040-2045"
404,"2045-2050"
404,"2050-2055"
404,"2055-2060"
404,"2060-2065"
404,"2065-2070"
404,"2070-2075"
404,"2075-2080"
404,"2080-2085"
404,"2085-2090"
404,"2090-2095"
404,"2095-2100"
296,"2020-2025"
296,"2025-2030"
296,"2030-2035"
296,"2035-2040"
296,"2040-2045"
296,"2045-2050"
296,"2050-2055"
296,"2055-2060"
296,"2060-2065"
296,"2065-2070"
296,"2070-2075"
296,"2075-2080"
296,"2080-2085"
296,"2085-2090"
296,"2090-2095"
296,"2095-2100"
414,"2020-2025"
414,"2025-2030"
414,"2030-2035"
414,"2035-2040"
414,"2040-2045"
414,"2045-2050"
414,"2050-2055"
414,"2055-2060"
414,"2060-2065"
414,"2065-2070"
414,"2070-2075"
414,"2075-2080"
414,"2080-2085"
414,"2085-2090"
414,"2090-2095"
414,"2095-2100"
417,"2020-2025"
417,"2025-2030"
417,"2030-2035"
417,"2035-2040"
417,"2040-2045"
417,"2045-2050"
417,"2050-2055"
417,"2055-2060"
417,"2060-2065"
417,"2065-2070"
417,"2070-2075"
417,"2075-2080"
417,"2080-2085"
417,"2085-2090"
417,"2090-2095"
417,"2095-2100"
1636,"2020-2025"
1636,"2025-2030"
1636,"2030-2035"
1636,"2035-2040"
1636,"2040-2045"
1636,"2045-2050"
1636,"2050-2055"
1636,"2055-2060"
1636,"2060-2065"
1636,"2065-2070"
1636,"2070-2075"
1636,"2075-2080"
1636,"2080-2085"
1636,"2085-2090"
1636,"2090-2095"
1636,"2095-2100"
418,"2020-2025"
418,"2025-2030"
418,"2030-2035"
418,"2035-2040"
418,"2040-2045"
418,"2045-2050"
418,"2050-2055"
418,"2055-2060"
418,"2060-2065"
418,"2065-2070"
418,"2070-2075"
418,"2075-2080"
418,"2080-2085"
418,"2085-2090"
418,"2090-2095"
418,"2095-2100"
1830,"2020-2025"
904,"2020-2025"
1830,"2025-2030"
904,"2025-2030"
1830,"2030-2035"
904,"2030-2035"
1830,"2035-2040"
904,"2035-2040"
904,"2040-2045"
1830,"2040-2045"
1830,"2045-2050"
904,"2045-2050"
1830,"2050-2055"
904,"2050-2055"
904,"2055-2060"
1830,"2055-2060"
1830,"2060-2065"
904,"2060-2065"
904,"2065-2070"
1830,"2065-2070"
904,"2070-2075"
1830,"2070-2075"
904,"2075-2080"
1830,"2075-2080"
1830,"2080-2085"
904,"2080-2085"
904,"2085-2090"
1830,"2085-2090"
904,"2090-2095"
1830,"2090-2095"
904,"2095-2100"
1830,"2095-2100"
428,"2020-2025"
428,"2025-2030"
428,"2030-2035"
428,"2035-2040"
428,"2040-2045"
428,"2045-2050"
428,"2050-2055"
428,"2055-2060"
428,"2060-2065"
428,"2065-2070"
428,"2070-2075"
428,"2075-2080"
428,"2080-2085"
428,"2085-2090"
428,"2090-2095"
428,"2095-2100"
941,"2020-2025"
941,"2025-2030"
941,"2030-2035"
941,"2035-2040"
941,"2040-2045"
941,"2045-2050"
941,"2050-2055"
941,"2055-2060"
941,"2060-2065"
941,"2065-2070"
941,"2070-2075"
941,"2075-2080"
941,"2080-2085"
941,"2085-2090"
941,"2090-2095"
941,"2095-2100"
422,"2020-2025"
422,"2025-2030"
422,"2030-2035"
422,"2035-2040"
422,"2040-2045"
422,"2045-2050"
422,"2050-2055"
422,"2055-2060"
422,"2060-2065"
422,"2065-2070"
422,"2070-2075"
422,"2075-2080"
422,"2080-2085"
422,"2085-2090"
422,"2090-2095"
422,"2095-2100"
426,"2020-2025"
426,"2025-2030"
426,"2030-2035"
426,"2035-2040"
426,"2040-2045"
426,"2045-2050"
426,"2050-2055"
426,"2055-2060"
426,"2060-2065"
426,"2065-2070"
426,"2070-2075"
426,"2075-2080"
426,"2080-2085"
426,"2085-2090"
426,"2090-2095"
426,"2095-2100"
902,"2020-2025"
902,"2025-2030"
902,"2030-2035"
902,"2035-2040"
902,"2040-2045"
902,"2045-2050"
902,"2050-2055"
902,"2055-2060"
902,"2060-2065"
902,"2065-2070"
902,"2070-2075"
902,"2075-2080"
902,"2080-2085"
902,"2085-2090"
902,"2090-2095"
902,"2095-2100"
948,"2020-2025"
948,"2025-2030"
948,"2030-2035"
948,"2035-2040"
948,"2040-2045"
948,"2045-2050"
948,"2050-2055"
948,"2055-2060"
948,"2060-2065"
948,"2065-2070"
948,"2070-2075"
948,"2075-2080"
948,"2080-2085"
948,"2085-2090"
948,"2090-2095"
948,"2095-2100"
934,"2020-2025"
934,"2025-2030"
934,"2030-2035"
934,"2035-2040"
934,"2040-2045"
934,"2045-2050"
934,"2050-2055"
934,"2055-2060"
934,"2060-2065"
934,"2065-2070"
934,"2070-2075"
934,"2075-2080"
934,"2080-2085"
934,"2085-2090"
934,"2090-2095"
934,"2095-2100"
430,"2020-2025"
430,"2025-2030"
430,"2030-2035"
430,"2035-2040"
430,"2040-2045"
430,"2045-2050"
430,"2050-2055"
430,"2055-2060"
430,"2060-2065"
430,"2065-2070"
430,"2070-2075"
430,"2075-2080"
430,"2080-2085"
430,"2085-2090"
430,"2090-2095"
430,"2095-2100"
434,"2020-2025"
434,"2025-2030"
434,"2030-2035"
434,"2035-2040"
434,"2040-2045"
434,"2045-2050"
434,"2050-2055"
434,"2055-2060"
434,"2060-2065"
434,"2065-2070"
434,"2070-2075"
434,"2075-2080"
434,"2080-2085"
434,"2085-2090"
434,"2090-2095"
434,"2095-2100"
438,"2020-2025"
438,"2025-2030"
438,"2030-2035"
438,"2035-2040"
438,"2040-2045"
438,"2045-2050"
438,"2050-2055"
438,"2055-2060"
438,"2060-2065"
438,"2065-2070"
438,"2070-2075"
438,"2075-2080"
438,"2080-2085"
438,"2085-2090"
438,"2090-2095"
438,"2095-2100"
440,"2020-2025"
440,"2025-2030"
440,"2030-2035"
440,"2035-2040"
440,"2040-2045"
440,"2045-2050"
440,"2050-2055"
440,"2055-2060"
440,"2060-2065"
440,"2065-2070"
440,"2070-2075"
440,"2075-2080"
440,"2080-2085"
440,"2085-2090"
440,"2090-2095"
440,"2095-2100"
1500,"2020-2025"
1500,"2025-2030"
1500,"2030-2035"
1500,"2035-2040"
1500,"2040-2045"
1500,"2045-2050"
1500,"2050-2055"
1500,"2055-2060"
1500,"2060-2065"
1500,"2065-2070"
1500,"2070-2075"
1500,"2075-2080"
1500,"2080-2085"
1500,"2085-2090"
1500,"2090-2095"
1500,"2095-2100"
1501,"2020-2025"
1501,"2025-2030"
1501,"2030-2035"
1501,"2035-2040"
1501,"2040-2045"
1501,"2045-2050"
1501,"2050-2055"
1501,"2055-2060"
1501,"2060-2065"
1501,"2065-2070"
1501,"2070-2075"
1501,"2075-2080"
1501,"2080-2085"
1501,"2085-2090"
1501,"2090-2095"
1501,"2095-2100"
442,"2020-2025"
442,"2025-2030"
442,"2030-2035"
442,"2035-2040"
442,"2040-2045"
442,"2045-2050"
442,"2050-2055"
442,"2055-2060"
442,"2060-2065"
442,"2065-2070"
442,"2070-2075"
442,"2075-2080"
442,"2080-2085"
442,"2085-2090"
442,"2090-2095"
442,"2095-2100"
450,"2020-2025"
450,"2025-2030"
450,"2030-2035"
450,"2035-2040"
450,"2040-2045"
450,"2045-2050"
450,"2050-2055"
450,"2055-2060"
450,"2060-2065"
450,"2065-2070"
450,"2070-2075"
450,"2075-2080"
450,"2080-2085"
450,"2085-2090"
450,"2090-2095"
450,"2095-2100"
454,"2020-2025"
454,"2025-2030"
454,"2030-2035"
454,"2035-2040"
454,"2040-2045"
454,"2045-2050"
454,"2050-2055"
454,"2055-2060"
454,"2060-2065"
454,"2065-2070"
454,"2070-2075"
454,"2075-2080"
454,"2080-2085"
454,"2085-2090"
454,"2090-2095"
454,"2095-2100"
458,"2020-2025"
458,"2025-2030"
458,"2030-2035"
458,"2035-2040"
458,"2040-2045"
458,"2045-2050"
458,"2050-2055"
458,"2055-2060"
458,"2060-2065"
458,"2065-2070"
458,"2070-2075"
458,"2075-2080"
458,"2080-2085"
458,"2085-2090"
458,"2090-2095"
458,"2095-2100"
462,"2020-2025"
462,"2025-2030"
462,"2030-2035"
462,"2035-2040"
462,"2040-2045"
462,"2045-2050"
462,"2050-2055"
462,"2055-2060"
462,"2060-2065"
462,"2065-2070"
462,"2070-2075"
462,"2075-2080"
462,"2080-2085"
462,"2085-2090"
462,"2090-2095"
462,"2095-2100"
466,"2020-2025"
466,"2025-2030"
466,"2030-2035"
466,"2035-2040"
466,"2040-2045"
466,"2045-2050"
466,"2050-2055"
466,"2055-2060"
466,"2060-2065"
466,"2065-2070"
466,"2070-2075"
466,"2075-2080"
466,"2080-2085"
466,"2085-2090"
466,"2090-2095"
466,"2095-2100"
470,"2020-2025"
470,"2025-2030"
470,"2030-2035"
470,"2035-2040"
470,"2040-2045"
470,"2045-2050"
470,"2050-2055"
470,"2055-2060"
470,"2060-2065"
470,"2065-2070"
470,"2070-2075"
470,"2075-2080"
470,"2080-2085"
470,"2085-2090"
470,"2090-2095"
470,"2095-2100"
584,"2020-2025"
584,"2025-2030"
584,"2030-2035"
584,"2035-2040"
584,"2040-2045"
584,"2045-2050"
584,"2050-2055"
584,"2055-2060"
584,"2060-2065"
584,"2065-2070"
584,"2070-2075"
584,"2075-2080"
584,"2080-2085"
584,"2085-2090"
584,"2090-2095"
584,"2095-2100"
474,"2020-2025"
474,"2025-2030"
474,"2030-2035"
474,"2035-2040"
474,"2040-2045"
474,"2045-2050"
474,"2050-2055"
474,"2055-2060"
474,"2060-2065"
474,"2065-2070"
474,"2070-2075"
474,"2075-2080"
474,"2080-2085"
474,"2085-2090"
474,"2090-2095"
474,"2095-2100"
478,"2020-2025"
478,"2025-2030"
478,"2030-2035"
478,"2035-2040"
478,"2040-2045"
478,"2045-2050"
478,"2050-2055"
478,"2055-2060"
478,"2060-2065"
478,"2065-2070"
478,"2070-2075"
478,"2075-2080"
478,"2080-2085"
478,"2085-2090"
478,"2090-2095"
478,"2095-2100"
480,"2020-2025"
480,"2025-2030"
480,"2030-2035"
480,"2035-2040"
480,"2040-2045"
480,"2045-2050"
480,"2050-2055"
480,"2055-2060"
480,"2060-2065"
480,"2065-2070"
480,"2070-2075"
480,"2075-2080"
480,"2080-2085"
480,"2085-2090"
480,"2090-2095"
480,"2095-2100"
175,"2020-2025"
175,"2025-2030"
175,"2030-2035"
175,"2035-2040"
175,"2040-2045"
175,"2045-2050"
175,"2050-2055"
175,"2055-2060"
175,"2060-2065"
175,"2065-2070"
175,"2070-2075"
175,"2075-2080"
175,"2080-2085"
175,"2085-2090"
175,"2090-2095"
175,"2095-2100"
928,"2020-2025"
928,"2025-2030"
928,"2030-2035"
928,"2035-2040"
928,"2040-2045"
928,"2045-2050"
928,"2050-2055"
928,"2055-2060"
928,"2060-2065"
928,"2065-2070"
928,"2070-2075"
928,"2075-2080"
928,"2080-2085"
928,"2085-2090"
928,"2090-2095"
928,"2095-2100"
484,"2020-2025"
484,"2025-2030"
484,"2030-2035"
484,"2035-2040"
484,"2040-2045"
484,"2045-2050"
484,"2050-2055"
484,"2055-2060"
484,"2060-2065"
484,"2065-2070"
484,"2070-2075"
484,"2075-2080"
484,"2080-2085"
484,"2085-2090"
484,"2090-2095"
484,"2095-2100"
954,"2020-2025"
954,"2025-2030"
954,"2030-2035"
954,"2035-2040"
954,"2040-2045"
954,"2045-2050"
954,"2050-2055"
954,"2055-2060"
954,"2060-2065"
954,"2065-2070"
954,"2070-2075"
954,"2075-2080"
954,"2080-2085"
954,"2085-2090"
954,"2090-2095"
954,"2095-2100"
583,"2020-2025"
583,"2025-2030"
583,"2030-2035"
583,"2035-2040"
583,"2040-2045"
583,"2045-2050"
583,"2050-2055"
583,"2055-2060"
583,"2060-2065"
583,"2065-2070"
583,"2070-2075"
583,"2075-2080"
583,"2080-2085"
583,"2085-2090"
583,"2090-2095"
583,"2095-2100"
911,"2020-2025"
911,"2025-2030"
911,"2030-2035"
911,"2035-2040"
911,"2040-2045"
911,"2045-2050"
911,"2050-2055"
911,"2055-2060"
911,"2060-2065"
911,"2065-2070"
911,"2070-2075"
911,"2075-2080"
911,"2080-2085"
911,"2085-2090"
911,"2090-2095"
911,"2095-2100"
1517,"2020-2025"
1517,"2025-2030"
1517,"2030-2035"
1517,"2035-2040"
1517,"2040-2045"
1517,"2045-2050"
1517,"2050-2055"
1517,"2055-2060"
1517,"2060-2065"
1517,"2065-2070"
1517,"2070-2075"
1517,"2075-2080"
1517,"2080-2085"
1517,"2085-2090"
1517,"2090-2095"
1517,"2095-2100"
492,"2020-2025"
492,"2025-2030"
492,"2030-2035"
492,"2035-2040"
492,"2040-2045"
492,"2045-2050"
492,"2050-2055"
492,"2055-2060"
492,"2060-2065"
492,"2065-2070"
492,"2070-2075"
492,"2075-2080"
492,"2080-2085"
492,"2085-2090"
492,"2090-2095"
492,"2095-2100"
496,"2020-2025"
496,"2025-2030"
496,"2030-2035"
496,"2035-2040"
496,"2040-2045"
496,"2045-2050"
496,"2050-2055"
496,"2055-2060"
496,"2060-2065"
496,"2065-2070"
496,"2070-2075"
496,"2075-2080"
496,"2080-2085"
496,"2085-2090"
496,"2090-2095"
496,"2095-2100"
499,"2020-2025"
499,"2025-2030"
499,"2030-2035"
499,"2035-2040"
499,"2040-2045"
499,"2045-2050"
499,"2050-2055"
499,"2055-2060"
499,"2060-2065"
499,"2065-2070"
499,"2070-2075"
499,"2075-2080"
499,"2080-2085"
499,"2085-2090"
499,"2090-2095"
499,"2095-2100"
500,"2020-2025"
500,"2025-2030"
500,"2030-2035"
500,"2035-2040"
500,"2040-2045"
500,"2045-2050"
500,"2050-2055"
500,"2055-2060"
500,"2060-2065"
500,"2065-2070"
500,"2070-2075"
500,"2075-2080"
500,"2080-2085"
500,"2085-2090"
500,"2090-2095"
500,"2095-2100"
901,"2020-2025"
901,"2025-2030"
901,"2030-2035"
901,"2035-2040"
901,"2040-2045"
901,"2045-2050"
901,"2050-2055"
901,"2055-2060"
901,"2060-2065"
901,"2065-2070"
901,"2070-2075"
901,"2075-2080"
901,"2080-2085"
901,"2085-2090"
901,"2090-2095"
901,"2095-2100"
504,"2020-2025"
504,"2025-2030"
504,"2030-2035"
504,"2035-2040"
504,"2040-2045"
504,"2045-2050"
504,"2050-2055"
504,"2055-2060"
504,"2060-2065"
504,"2065-2070"
504,"2070-2075"
504,"2075-2080"
504,"2080-2085"
504,"2085-2090"
504,"2090-2095"
504,"2095-2100"
508,"2020-2025"
508,"2025-2030"
508,"2030-2035"
508,"2035-2040"
508,"2040-2045"
508,"2045-2050"
508,"2050-2055"
508,"2055-2060"
508,"2060-2065"
508,"2065-2070"
508,"2070-2075"
508,"2075-2080"
508,"2080-2085"
508,"2085-2090"
508,"2090-2095"
508,"2095-2100"
104,"2020-2025"
104,"2025-2030"
104,"2030-2035"
104,"2035-2040"
104,"2040-2045"
104,"2045-2050"
104,"2050-2055"
104,"2055-2060"
104,"2060-2065"
104,"2065-2070"
104,"2070-2075"
104,"2075-2080"
104,"2080-2085"
104,"2085-2090"
104,"2090-2095"
104,"2095-2100"
516,"2020-2025"
516,"2025-2030"
516,"2030-2035"
516,"2035-2040"
516,"2040-2045"
516,"2045-2050"
516,"2050-2055"
516,"2055-2060"
516,"2060-2065"
516,"2065-2070"
516,"2070-2075"
516,"2075-2080"
516,"2080-2085"
516,"2085-2090"
516,"2090-2095"
516,"2095-2100"
520,"2020-2025"
520,"2025-2030"
520,"2030-2035"
520,"2035-2040"
520,"2040-2045"
520,"2045-2050"
520,"2050-2055"
520,"2055-2060"
520,"2060-2065"
520,"2065-2070"
520,"2070-2075"
520,"2075-2080"
520,"2080-2085"
520,"2085-2090"
520,"2090-2095"
520,"2095-2100"
524,"2020-2025"
524,"2025-2030"
524,"2030-2035"
524,"2035-2040"
524,"2040-2045"
524,"2045-2050"
524,"2050-2055"
524,"2055-2060"
524,"2060-2065"
524,"2065-2070"
524,"2070-2075"
524,"2075-2080"
524,"2080-2085"
524,"2085-2090"
524,"2090-2095"
524,"2095-2100"
528,"2020-2025"
528,"2025-2030"
528,"2030-2035"
528,"2035-2040"
528,"2040-2045"
528,"2045-2050"
528,"2050-2055"
528,"2055-2060"
528,"2060-2065"
528,"2065-2070"
528,"2070-2075"
528,"2075-2080"
528,"2080-2085"
528,"2085-2090"
528,"2090-2095"
528,"2095-2100"
540,"2020-2025"
540,"2025-2030"
540,"2030-2035"
540,"2035-2040"
540,"2040-2045"
540,"2045-2050"
540,"2050-2055"
540,"2055-2060"
540,"2060-2065"
540,"2065-2070"
540,"2070-2075"
540,"2075-2080"
540,"2080-2085"
540,"2085-2090"
540,"2090-2095"
540,"2095-2100"
554,"2020-2025"
554,"2025-2030"
554,"2030-2035"
554,"2035-2040"
554,"2040-2045"
554,"2045-2050"
554,"2050-2055"
554,"2055-2060"
554,"2060-2065"
554,"2065-2070"
554,"2070-2075"
554,"2075-2080"
554,"2080-2085"
554,"2085-2090"
554,"2090-2095"
554,"2095-2100"
558,"2020-2025"
558,"2025-2030"
558,"2030-2035"
558,"2035-2040"
558,"2040-2045"
558,"2045-2050"
558,"2050-2055"
558,"2055-2060"
558,"2060-2065"
558,"2065-2070"
558,"2070-2075"
558,"2075-2080"
558,"2080-2085"
558,"2085-2090"
558,"2090-2095"
558,"2095-2100"
562,"2020-2025"
562,"2025-2030"
562,"2030-2035"
562,"2035-2040"
562,"2040-2045"
562,"2045-2050"
562,"2050-2055"
562,"2055-2060"
562,"2060-2065"
562,"2065-2070"
562,"2070-2075"
562,"2075-2080"
562,"2080-2085"
562,"2085-2090"
562,"2090-2095"
562,"2095-2100"
566,"2020-2025"
566,"2025-2030"
566,"2030-2035"
566,"2035-2040"
566,"2040-2045"
566,"2045-2050"
566,"2050-2055"
566,"2055-2060"
566,"2060-2065"
566,"2065-2070"
566,"2070-2075"
566,"2075-2080"
566,"2080-2085"
566,"2085-2090"
566,"2090-2095"
566,"2095-2100"
570,"2020-2025"
570,"2025-2030"
570,"2030-2035"
570,"2035-2040"
570,"2040-2045"
570,"2045-2050"
570,"2050-2055"
570,"2055-2060"
570,"2060-2065"
570,"2065-2070"
570,"2070-2075"
570,"2075-2080"
570,"2080-2085"
570,"2085-2090"
570,"2090-2095"
570,"2095-2100"
1518,"2020-2025"
1518,"2025-2030"
1518,"2030-2035"
1518,"2035-2040"
1518,"2040-2045"
1518,"2045-2050"
1518,"2050-2055"
1518,"2055-2060"
1518,"2060-2065"
1518,"2065-2070"
1518,"2070-2075"
1518,"2075-2080"
1518,"2080-2085"
1518,"2085-2090"
1518,"2090-2095"
1518,"2095-2100"
807,"2020-2025"
807,"2025-2030"
807,"2030-2035"
807,"2035-2040"
807,"2040-2045"
807,"2045-2050"
807,"2050-2055"
807,"2055-2060"
807,"2060-2065"
807,"2065-2070"
807,"2070-2075"
807,"2075-2080"
807,"2080-2085"
807,"2085-2090"
807,"2090-2095"
807,"2095-2100"
912,"2020-2025"
912,"2025-2030"
912,"2030-2035"
912,"2035-2040"
912,"2040-2045"
912,"2045-2050"
912,"2050-2055"
912,"2055-2060"
912,"2060-2065"
912,"2065-2070"
912,"2070-2075"
912,"2075-2080"
912,"2080-2085"
912,"2085-2090"
912,"2090-2095"
912,"2095-2100"
1833,"2020-2025"
1833,"2025-2030"
1833,"2030-2035"
1833,"2035-2040"
1833,"2040-2045"
1833,"2045-2050"
1833,"2050-2055"
1833,"2055-2060"
1833,"2060-2065"
1833,"2065-2070"
1833,"2070-2075"
1833,"2075-2080"
1833,"2080-2085"
1833,"2085-2090"
1833,"2090-2095"
1833,"2095-2100"
918,"2020-2025"
905,"2020-2025"
905,"2025-2030"
918,"2025-2030"
918,"2030-2035"
905,"2030-2035"
918,"2035-2040"
905,"2035-2040"
918,"2040-2045"
905,"2040-2045"
918,"2045-2050"
905,"2045-2050"
918,"2050-2055"
905,"2050-2055"
918,"2055-2060"
905,"2055-2060"
918,"2060-2065"
905,"2060-2065"
905,"2065-2070"
918,"2065-2070"
905,"2070-2075"
918,"2070-2075"
918,"2075-2080"
905,"2075-2080"
905,"2080-2085"
918,"2080-2085"
905,"2085-2090"
918,"2085-2090"
905,"2090-2095"
918,"2090-2095"
905,"2095-2100"
918,"2095-2100"
924,"2020-2025"
924,"2025-2030"
924,"2030-2035"
924,"2035-2040"
924,"2040-2045"
924,"2045-2050"
924,"2050-2055"
924,"2055-2060"
924,"2060-2065"
924,"2065-2070"
924,"2070-2075"
924,"2075-2080"
924,"2080-2085"
924,"2085-2090"
924,"2090-2095"
924,"2095-2100"
580,"2020-2025"
580,"2025-2030"
580,"2030-2035"
580,"2035-2040"
580,"2040-2045"
580,"2045-2050"
580,"2050-2055"
580,"2055-2060"
580,"2060-2065"
580,"2065-2070"
580,"2070-2075"
580,"2075-2080"
580,"2080-2085"
580,"2085-2090"
580,"2090-2095"
580,"2095-2100"
578,"2020-2025"
578,"2025-2030"
578,"2030-2035"
578,"2035-2040"
578,"2040-2045"
578,"2045-2050"
578,"2050-2055"
578,"2055-2060"
578,"2060-2065"
578,"2065-2070"
578,"2070-2075"
578,"2075-2080"
578,"2080-2085"
578,"2085-2090"
578,"2090-2095"
578,"2095-2100"
909,"2020-2025"
909,"2025-2030"
909,"2030-2035"
909,"2035-2040"
909,"2040-2045"
909,"2045-2050"
909,"2050-2055"
909,"2055-2060"
909,"2060-2065"
909,"2065-2070"
909,"2070-2075"
909,"2075-2080"
909,"2080-2085"
909,"2085-2090"
909,"2090-2095"
909,"2095-2100"
1835,"2020-2025"
1835,"2025-2030"
1835,"2030-2035"
1835,"2035-2040"
1835,"2040-2045"
1835,"2045-2050"
1835,"2050-2055"
1835,"2055-2060"
1835,"2060-2065"
1835,"2065-2070"
1835,"2070-2075"
1835,"2075-2080"
1835,"2080-2085"
1835,"2085-2090"
1835,"2090-2095"
1835,"2095-2100"
512,"2020-2025"
512,"2025-2030"
512,"2030-2035"
512,"2035-2040"
512,"2040-2045"
512,"2045-2050"
512,"2050-2055"
512,"2055-2060"
512,"2060-2065"
512,"2065-2070"
512,"2070-2075"
512,"2075-2080"
512,"2080-2085"
512,"2085-2090"
512,"2090-2095"
512,"2095-2100"
586,"2020-2025"
586,"2025-2030"
586,"2030-2035"
586,"2035-2040"
586,"2040-2045"
586,"2045-2050"
586,"2050-2055"
586,"2055-2060"
586,"2060-2065"
586,"2065-2070"
586,"2070-2075"
586,"2075-2080"
586,"2080-2085"
586,"2085-2090"
586,"2090-2095"
586,"2095-2100"
585,"2020-2025"
585,"2025-2030"
585,"2030-2035"
585,"2035-2040"
585,"2040-2045"
585,"2045-2050"
585,"2050-2055"
585,"2055-2060"
585,"2060-2065"
585,"2065-2070"
585,"2070-2075"
585,"2075-2080"
585,"2080-2085"
585,"2085-2090"
585,"2090-2095"
585,"2095-2100"
591,"2020-2025"
591,"2025-2030"
591,"2030-2035"
591,"2035-2040"
591,"2040-2045"
591,"2045-2050"
591,"2050-2055"
591,"2055-2060"
591,"2060-2065"
591,"2065-2070"
591,"2070-2075"
591,"2075-2080"
591,"2080-2085"
591,"2085-2090"
591,"2090-2095"
591,"2095-2100"
598,"2020-2025"
598,"2025-2030"
598,"2030-2035"
598,"2035-2040"
598,"2040-2045"
598,"2045-2050"
598,"2050-2055"
598,"2055-2060"
598,"2060-2065"
598,"2065-2070"
598,"2070-2075"
598,"2075-2080"
598,"2080-2085"
598,"2085-2090"
598,"2090-2095"
598,"2095-2100"
600,"2020-2025"
600,"2025-2030"
600,"2030-2035"
600,"2035-2040"
600,"2040-2045"
600,"2045-2050"
600,"2050-2055"
600,"2055-2060"
600,"2060-2065"
600,"2065-2070"
600,"2070-2075"
600,"2075-2080"
600,"2080-2085"
600,"2085-2090"
600,"2090-2095"
600,"2095-2100"
604,"2020-2025"
604,"2025-2030"
604,"2030-2035"
604,"2035-2040"
604,"2040-2045"
604,"2045-2050"
604,"2050-2055"
604,"2055-2060"
604,"2060-2065"
604,"2065-2070"
604,"2070-2075"
604,"2075-2080"
604,"2080-2085"
604,"2085-2090"
604,"2090-2095"
604,"2095-2100"
608,"2020-2025"
608,"2025-2030"
608,"2030-2035"
608,"2035-2040"
608,"2040-2045"
608,"2045-2050"
608,"2050-2055"
608,"2055-2060"
608,"2060-2065"
608,"2065-2070"
608,"2070-2075"
608,"2075-2080"
608,"2080-2085"
608,"2085-2090"
608,"2090-2095"
608,"2095-2100"
616,"2020-2025"
616,"2025-2030"
616,"2030-2035"
616,"2035-2040"
616,"2040-2045"
616,"2045-2050"
616,"2050-2055"
616,"2055-2060"
616,"2060-2065"
616,"2065-2070"
616,"2070-2075"
616,"2075-2080"
616,"2080-2085"
616,"2085-2090"
616,"2090-2095"
616,"2095-2100"
957,"2020-2025"
957,"2025-2030"
957,"2030-2035"
957,"2035-2040"
957,"2040-2045"
957,"2045-2050"
957,"2050-2055"
957,"2055-2060"
957,"2060-2065"
957,"2065-2070"
957,"2070-2075"
957,"2075-2080"
957,"2080-2085"
957,"2085-2090"
957,"2090-2095"
957,"2095-2100"
620,"2020-2025"
620,"2025-2030"
620,"2030-2035"
620,"2035-2040"
620,"2040-2045"
620,"2045-2050"
620,"2050-2055"
620,"2055-2060"
620,"2060-2065"
620,"2065-2070"
620,"2070-2075"
620,"2075-2080"
620,"2080-2085"
620,"2085-2090"
620,"2090-2095"
620,"2095-2100"
630,"2020-2025"
630,"2025-2030"
630,"2030-2035"
630,"2035-2040"
630,"2040-2045"
630,"2045-2050"
630,"2050-2055"
630,"2055-2060"
630,"2060-2065"
630,"2065-2070"
630,"2070-2075"
630,"2075-2080"
630,"2080-2085"
630,"2085-2090"
630,"2090-2095"
630,"2095-2100"
634,"2020-2025"
634,"2025-2030"
634,"2030-2035"
634,"2035-2040"
634,"2040-2045"
634,"2045-2050"
634,"2050-2055"
634,"2055-2060"
634,"2060-2065"
634,"2065-2070"
634,"2070-2075"
634,"2075-2080"
634,"2080-2085"
634,"2085-2090"
634,"2090-2095"
634,"2095-2100"
410,"2020-2025"
410,"2025-2030"
410,"2030-2035"
410,"2035-2040"
410,"2040-2045"
410,"2045-2050"
410,"2050-2055"
410,"2055-2060"
410,"2060-2065"
410,"2065-2070"
410,"2070-2075"
410,"2075-2080"
410,"2080-2085"
410,"2085-2090"
410,"2090-2095"
410,"2095-2100"
498,"2020-2025"
498,"2025-2030"
498,"2030-2035"
498,"2035-2040"
498,"2040-2045"
498,"2045-2050"
498,"2050-2055"
498,"2055-2060"
498,"2060-2065"
498,"2065-2070"
498,"2070-2075"
498,"2075-2080"
498,"2080-2085"
498,"2085-2090"
498,"2090-2095"
498,"2095-2100"
642,"2020-2025"
642,"2025-2030"
642,"2030-2035"
642,"2035-2040"
642,"2040-2045"
642,"2045-2050"
642,"2050-2055"
642,"2055-2060"
642,"2060-2065"
642,"2065-2070"
642,"2070-2075"
642,"2075-2080"
642,"2080-2085"
642,"2085-2090"
642,"2090-2095"
642,"2095-2100"
643,"2020-2025"
643,"2025-2030"
643,"2030-2035"
643,"2035-2040"
643,"2040-2045"
643,"2045-2050"
643,"2050-2055"
643,"2055-2060"
643,"2060-2065"
643,"2065-2070"
643,"2070-2075"
643,"2075-2080"
643,"2080-2085"
643,"2085-2090"
643,"2090-2095"
643,"2095-2100"
646,"2020-2025"
646,"2025-2030"
646,"2030-2035"
646,"2035-2040"
646,"2040-2045"
646,"2045-2050"
646,"2050-2055"
646,"2055-2060"
646,"2060-2065"
646,"2065-2070"
646,"2070-2075"
646,"2075-2080"
646,"2080-2085"
646,"2085-2090"
646,"2090-2095"
646,"2095-2100"
638,"2020-2025"
638,"2025-2030"
638,"2030-2035"
638,"2035-2040"
638,"2040-2045"
638,"2045-2050"
638,"2050-2055"
638,"2055-2060"
638,"2060-2065"
638,"2065-2070"
638,"2070-2075"
638,"2075-2080"
638,"2080-2085"
638,"2085-2090"
638,"2090-2095"
638,"2095-2100"
652,"2020-2025"
652,"2025-2030"
652,"2030-2035"
652,"2035-2040"
652,"2040-2045"
652,"2045-2050"
652,"2050-2055"
652,"2055-2060"
652,"2060-2065"
652,"2065-2070"
652,"2070-2075"
652,"2075-2080"
652,"2080-2085"
652,"2085-2090"
652,"2090-2095"
652,"2095-2100"
654,"2020-2025"
654,"2025-2030"
654,"2030-2035"
654,"2035-2040"
654,"2040-2045"
654,"2045-2050"
654,"2050-2055"
654,"2055-2060"
654,"2060-2065"
654,"2065-2070"
654,"2070-2075"
654,"2075-2080"
654,"2080-2085"
654,"2085-2090"
654,"2090-2095"
654,"2095-2100"
659,"2020-2025"
659,"2025-2030"
659,"2030-2035"
659,"2035-2040"
659,"2040-2045"
659,"2045-2050"
659,"2050-2055"
659,"2055-2060"
659,"2060-2065"
659,"2065-2070"
659,"2070-2075"
659,"2075-2080"
659,"2080-2085"
659,"2085-2090"
659,"2090-2095"
659,"2095-2100"
662,"2020-2025"
662,"2025-2030"
662,"2030-2035"
662,"2035-2040"
662,"2040-2045"
662,"2045-2050"
662,"2050-2055"
662,"2055-2060"
662,"2060-2065"
662,"2065-2070"
662,"2070-2075"
662,"2075-2080"
662,"2080-2085"
662,"2085-2090"
662,"2090-2095"
662,"2095-2100"
663,"2020-2025"
663,"2025-2030"
663,"2030-2035"
663,"2035-2040"
663,"2040-2045"
663,"2045-2050"
663,"2050-2055"
663,"2055-2060"
663,"2060-2065"
663,"2065-2070"
663,"2070-2075"
663,"2075-2080"
663,"2080-2085"
663,"2085-2090"
663,"2090-2095"
663,"2095-2100"
666,"2020-2025"
666,"2025-2030"
666,"2030-2035"
666,"2035-2040"
666,"2040-2045"
666,"2045-2050"
666,"2050-2055"
666,"2055-2060"
666,"2060-2065"
666,"2065-2070"
666,"2070-2075"
666,"2075-2080"
666,"2080-2085"
666,"2085-2090"
666,"2090-2095"
666,"2095-2100"
670,"2020-2025"
670,"2025-2030"
670,"2030-2035"
670,"2035-2040"
670,"2040-2045"
670,"2045-2050"
670,"2050-2055"
670,"2055-2060"
670,"2060-2065"
670,"2065-2070"
670,"2070-2075"
670,"2075-2080"
670,"2080-2085"
670,"2085-2090"
670,"2090-2095"
670,"2095-2100"
882,"2020-2025"
882,"2025-2030"
882,"2030-2035"
882,"2035-2040"
882,"2040-2045"
882,"2045-2050"
882,"2050-2055"
882,"2055-2060"
882,"2060-2065"
882,"2065-2070"
882,"2070-2075"
882,"2075-2080"
882,"2080-2085"
882,"2085-2090"
882,"2090-2095"
882,"2095-2100"
674,"2020-2025"
674,"2025-2030"
674,"2030-2035"
674,"2035-2040"
674,"2040-2045"
674,"2045-2050"
674,"2050-2055"
674,"2055-2060"
674,"2060-2065"
674,"2065-2070"
674,"2070-2075"
674,"2075-2080"
674,"2080-2085"
674,"2085-2090"
674,"2090-2095"
674,"2095-2100"
678,"2020-2025"
678,"2025-2030"
678,"2030-2035"
678,"2035-2040"
678,"2040-2045"
678,"2045-2050"
678,"2050-2055"
678,"2055-2060"
678,"2060-2065"
678,"2065-2070"
678,"2070-2075"
678,"2075-2080"
678,"2080-2085"
678,"2085-2090"
678,"2090-2095"
678,"2095-2100"
682,"2020-2025"
682,"2025-2030"
682,"2030-2035"
682,"2035-2040"
682,"2040-2045"
682,"2045-2050"
682,"2050-2055"
682,"2055-2060"
682,"2060-2065"
682,"2065-2070"
682,"2070-2075"
682,"2075-2080"
682,"2080-2085"
682,"2085-2090"
682,"2090-2095"
682,"2095-2100"
686,"2020-2025"
686,"2025-2030"
686,"2030-2035"
686,"2035-2040"
686,"2040-2045"
686,"2045-2050"
686,"2050-2055"
686,"2055-2060"
686,"2060-2065"
686,"2065-2070"
686,"2070-2075"
686,"2075-2080"
686,"2080-2085"
686,"2085-2090"
686,"2090-2095"
686,"2095-2100"
688,"2020-2025"
688,"2025-2030"
688,"2030-2035"
688,"2035-2040"
688,"2040-2045"
688,"2045-2050"
688,"2050-2055"
688,"2055-2060"
688,"2060-2065"
688,"2065-2070"
688,"2070-2075"
688,"2075-2080"
688,"2080-2085"
688,"2085-2090"
688,"2090-2095"
688,"2095-2100"
690,"2020-2025"
690,"2025-2030"
690,"2030-2035"
690,"2035-2040"
690,"2040-2045"
690,"2045-2050"
690,"2050-2055"
690,"2055-2060"
690,"2060-2065"
690,"2065-2070"
690,"2070-2075"
690,"2075-2080"
690,"2080-2085"
690,"2085-2090"
690,"2090-2095"
690,"2095-2100"
694,"2020-2025"
694,"2025-2030"
694,"2030-2035"
694,"2035-2040"
694,"2040-2045"
694,"2045-2050"
694,"2050-2055"
694,"2055-2060"
694,"2060-2065"
694,"2065-2070"
694,"2070-2075"
694,"2075-2080"
694,"2080-2085"
694,"2085-2090"
694,"2090-2095"
694,"2095-2100"
702,"2020-2025"
702,"2025-2030"
702,"2030-2035"
702,"2035-2040"
702,"2040-2045"
702,"2045-2050"
702,"2050-2055"
702,"2055-2060"
702,"2060-2065"
702,"2065-2070"
702,"2070-2075"
702,"2075-2080"
702,"2080-2085"
702,"2085-2090"
702,"2090-2095"
702,"2095-2100"
534,"2020-2025"
534,"2025-2030"
534,"2030-2035"
534,"2035-2040"
534,"2040-2045"
534,"2045-2050"
534,"2050-2055"
534,"2055-2060"
534,"2060-2065"
534,"2065-2070"
534,"2070-2075"
534,"2075-2080"
534,"2080-2085"
534,"2085-2090"
534,"2090-2095"
534,"2095-2100"
703,"2020-2025"
703,"2025-2030"
703,"2030-2035"
703,"2035-2040"
703,"2040-2045"
703,"2045-2050"
703,"2050-2055"
703,"2055-2060"
703,"2060-2065"
703,"2065-2070"
703,"2070-2075"
703,"2075-2080"
703,"2080-2085"
703,"2085-2090"
703,"2090-2095"
703,"2095-2100"
705,"2020-2025"
705,"2025-2030"
705,"2030-2035"
705,"2035-2040"
705,"2040-2045"
705,"2045-2050"
705,"2050-2055"
705,"2055-2060"
705,"2060-2065"
705,"2065-2070"
705,"2070-2075"
705,"2075-2080"
705,"2080-2085"
705,"2085-2090"
705,"2090-2095"
705,"2095-2100"
1637,"2020-2025"
1637,"2025-2030"
1637,"2030-2035"
1637,"2035-2040"
1637,"2040-2045"
1637,"2045-2050"
1637,"2050-2055"
1637,"2055-2060"
1637,"2060-2065"
1637,"2065-2070"
1637,"2070-2075"
1637,"2075-2080"
1637,"2080-2085"
1637,"2085-2090"
1637,"2090-2095"
1637,"2095-2100"
90,"2020-2025"
90,"2025-2030"
90,"2030-2035"
90,"2035-2040"
90,"2040-2045"
90,"2045-2050"
90,"2050-2055"
90,"2055-2060"
90,"2060-2065"
90,"2065-2070"
90,"2070-2075"
90,"2075-2080"
90,"2080-2085"
90,"2085-2090"
90,"2090-2095"
90,"2095-2100"
706,"2020-2025"
706,"2025-2030"
706,"2030-2035"
706,"2035-2040"
706,"2040-2045"
706,"2045-2050"
706,"2050-2055"
706,"2055-2060"
706,"2060-2065"
706,"2065-2070"
706,"2070-2075"
706,"2075-2080"
706,"2080-2085"
706,"2085-2090"
706,"2090-2095"
706,"2095-2100"
710,"2020-2025"
710,"2025-2030"
710,"2030-2035"
710,"2035-2040"
710,"2040-2045"
710,"2045-2050"
710,"2050-2055"
710,"2055-2060"
710,"2060-2065"
710,"2065-2070"
710,"2070-2075"
710,"2075-2080"
710,"2080-2085"
710,"2085-2090"
710,"2090-2095"
710,"2095-2100"
931,"2020-2025"
931,"2025-2030"
931,"2030-2035"
931,"2035-2040"
931,"2040-2045"
931,"2045-2050"
931,"2050-2055"
931,"2055-2060"
931,"2060-2065"
931,"2065-2070"
931,"2070-2075"
931,"2075-2080"
931,"2080-2085"
931,"2085-2090"
931,"2090-2095"
931,"2095-2100"
728,"2020-2025"
728,"2025-2030"
728,"2030-2035"
728,"2035-2040"
728,"2040-2045"
728,"2045-2050"
728,"2050-2055"
728,"2055-2060"
728,"2060-2065"
728,"2065-2070"
728,"2070-2075"
728,"2075-2080"
728,"2080-2085"
728,"2085-2090"
728,"2090-2095"
728,"2095-2100"
920,"2020-2025"
920,"2025-2030"
920,"2030-2035"
920,"2035-2040"
920,"2040-2045"
920,"2045-2050"
920,"2050-2055"
920,"2055-2060"
920,"2060-2065"
920,"2065-2070"
920,"2070-2075"
920,"2075-2080"
920,"2080-2085"
920,"2085-2090"
920,"2090-2095"
920,"2095-2100"
913,"2020-2025"
913,"2025-2030"
913,"2030-2035"
913,"2035-2040"
913,"2040-2045"
913,"2045-2050"
913,"2050-2055"
913,"2055-2060"
913,"2060-2065"
913,"2065-2070"
913,"2070-2075"
913,"2075-2080"
913,"2080-2085"
913,"2085-2090"
913,"2090-2095"
913,"2095-2100"
5501,"2020-2025"
5501,"2025-2030"
5501,"2030-2035"
5501,"2035-2040"
5501,"2040-2045"
5501,"2045-2050"
5501,"2050-2055"
5501,"2055-2060"
5501,"2060-2065"
5501,"2065-2070"
5501,"2070-2075"
5501,"2075-2080"
5501,"2080-2085"
5501,"2085-2090"
5501,"2090-2095"
5501,"2095-2100"
925,"2020-2025"
925,"2025-2030"
925,"2030-2035"
925,"2035-2040"
925,"2040-2045"
925,"2045-2050"
925,"2050-2055"
925,"2055-2060"
925,"2060-2065"
925,"2065-2070"
925,"2070-2075"
925,"2075-2080"
925,"2080-2085"
925,"2085-2090"
925,"2090-2095"
925,"2095-2100"
724,"2020-2025"
724,"2025-2030"
724,"2030-2035"
724,"2035-2040"
724,"2040-2045"
724,"2045-2050"
724,"2050-2055"
724,"2055-2060"
724,"2060-2065"
724,"2065-2070"
724,"2070-2075"
724,"2075-2080"
724,"2080-2085"
724,"2085-2090"
724,"2090-2095"
724,"2095-2100"
144,"2020-2025"
144,"2025-2030"
144,"2030-2035"
144,"2035-2040"
144,"2040-2045"
144,"2045-2050"
144,"2050-2055"
144,"2055-2060"
144,"2060-2065"
144,"2065-2070"
144,"2070-2075"
144,"2075-2080"
144,"2080-2085"
144,"2085-2090"
144,"2090-2095"
144,"2095-2100"
275,"2020-2025"
275,"2025-2030"
275,"2030-2035"
275,"2035-2040"
275,"2040-2045"
275,"2045-2050"
275,"2050-2055"
275,"2055-2060"
275,"2060-2065"
275,"2065-2070"
275,"2070-2075"
275,"2075-2080"
275,"2080-2085"
275,"2085-2090"
275,"2090-2095"
275,"2095-2100"
947,"2020-2025"
947,"2025-2030"
947,"2030-2035"
947,"2035-2040"
947,"2040-2045"
947,"2045-2050"
947,"2050-2055"
947,"2055-2060"
947,"2060-2065"
947,"2065-2070"
947,"2070-2075"
947,"2075-2080"
947,"2080-2085"
947,"2085-2090"
947,"2090-2095"
947,"2095-2100"
729,"2020-2025"
729,"2025-2030"
729,"2030-2035"
729,"2035-2040"
729,"2040-2045"
729,"2045-2050"
729,"2050-2055"
729,"2055-2060"
729,"2060-2065"
729,"2065-2070"
729,"2070-2075"
729,"2075-2080"
729,"2080-2085"
729,"2085-2090"
729,"2090-2095"
729,"2095-2100"
740,"2020-2025"
740,"2025-2030"
740,"2030-2035"
740,"2035-2040"
740,"2040-2045"
740,"2045-2050"
740,"2050-2055"
740,"2055-2060"
740,"2060-2065"
740,"2065-2070"
740,"2070-2075"
740,"2075-2080"
740,"2080-2085"
740,"2085-2090"
740,"2090-2095"
740,"2095-2100"
752,"2020-2025"
752,"2025-2030"
752,"2030-2035"
752,"2035-2040"
752,"2040-2045"
752,"2045-2050"
752,"2050-2055"
752,"2055-2060"
752,"2060-2065"
752,"2065-2070"
752,"2070-2075"
752,"2075-2080"
752,"2080-2085"
752,"2085-2090"
752,"2090-2095"
752,"2095-2100"
756,"2020-2025"
756,"2025-2030"
756,"2030-2035"
756,"2035-2040"
756,"2040-2045"
756,"2045-2050"
756,"2050-2055"
756,"2055-2060"
756,"2060-2065"
756,"2065-2070"
756,"2070-2075"
756,"2075-2080"
756,"2080-2085"
756,"2085-2090"
756,"2090-2095"
756,"2095-2100"
760,"2020-2025"
760,"2025-2030"
760,"2030-2035"
760,"2035-2040"
760,"2040-2045"
760,"2045-2050"
760,"2050-2055"
760,"2055-2060"
760,"2060-2065"
760,"2065-2070"
760,"2070-2075"
760,"2075-2080"
760,"2080-2085"
760,"2085-2090"
760,"2090-2095"
760,"2095-2100"
762,"2020-2025"
762,"2025-2030"
762,"2030-2035"
762,"2035-2040"
762,"2040-2045"
762,"2045-2050"
762,"2050-2055"
762,"2055-2060"
762,"2060-2065"
762,"2065-2070"
762,"2070-2075"
762,"2075-2080"
762,"2080-2085"
762,"2085-2090"
762,"2090-2095"
762,"2095-2100"
764,"2020-2025"
764,"2025-2030"
764,"2030-2035"
764,"2035-2040"
764,"2040-2045"
764,"2045-2050"
764,"2050-2055"
764,"2055-2060"
764,"2060-2065"
764,"2065-2070"
764,"2070-2075"
764,"2075-2080"
764,"2080-2085"
764,"2085-2090"
764,"2090-2095"
764,"2095-2100"
626,"2020-2025"
626,"2025-2030"
626,"2030-2035"
626,"2035-2040"
626,"2040-2045"
626,"2045-2050"
626,"2050-2055"
626,"2055-2060"
626,"2060-2065"
626,"2065-2070"
626,"2070-2075"
626,"2075-2080"
626,"2080-2085"
626,"2085-2090"
626,"2090-2095"
626,"2095-2100"
768,"2020-2025"
768,"2025-2030"
768,"2030-2035"
768,"2035-2040"
768,"2040-2045"
768,"2045-2050"
768,"2050-2055"
768,"2055-2060"
768,"2060-2065"
768,"2065-2070"
768,"2070-2075"
768,"2075-2080"
768,"2080-2085"
768,"2085-2090"
768,"2090-2095"
768,"2095-2100"
772,"2020-2025"
772,"2025-2030"
772,"2030-2035"
772,"2035-2040"
772,"2040-2045"
772,"2045-2050"
772,"2050-2055"
772,"2055-2060"
772,"2060-2065"
772,"2065-2070"
772,"2070-2075"
772,"2075-2080"
772,"2080-2085"
772,"2085-2090"
772,"2090-2095"
772,"2095-2100"
776,"2020-2025"
776,"2025-2030"
776,"2030-2035"
776,"2035-2040"
776,"2040-2045"
776,"2045-2050"
776,"2050-2055"
776,"2055-2060"
776,"2060-2065"
776,"2065-2070"
776,"2070-2075"
776,"2075-2080"
776,"2080-2085"
776,"2085-2090"
776,"2090-2095"
776,"2095-2100"
780,"2020-2025"
780,"2025-2030"
780,"2030-2035"
780,"2035-2040"
780,"2040-2045"
780,"2045-2050"
780,"2050-2055"
780,"2055-2060"
780,"2060-2065"
780,"2065-2070"
780,"2070-2075"
780,"2075-2080"
780,"2080-2085"
780,"2085-2090"
780,"2090-2095"
780,"2095-2100"
788,"2020-2025"
788,"2025-2030"
788,"2030-2035"
788,"2035-2040"
788,"2040-2045"
788,"2045-2050"
788,"2050-2055"
788,"2055-2060"
788,"2060-2065"
788,"2065-2070"
788,"2070-2075"
788,"2075-2080"
788,"2080-2085"
788,"2085-2090"
788,"2090-2095"
788,"2095-2100"
792,"2020-2025"
792,"2025-2030"
792,"2030-2035"
792,"2035-2040"
792,"2040-2045"
792,"2045-2050"
792,"2050-2055"
792,"2055-2060"
792,"2060-2065"
792,"2065-2070"
792,"2070-2075"
792,"2075-2080"
792,"2080-2085"
792,"2085-2090"
792,"2090-2095"
792,"2095-2100"
795,"2020-2025"
795,"2025-2030"
795,"2030-2035"
795,"2035-2040"
795,"2040-2045"
795,"2045-2050"
795,"2050-2055"
795,"2055-2060"
795,"2060-2065"
795,"2065-2070"
795,"2070-2075"
795,"2075-2080"
795,"2080-2085"
795,"2085-2090"
795,"2090-2095"
795,"2095-2100"
796,"2020-2025"
796,"2025-2030"
796,"2030-2035"
796,"2035-2040"
796,"2040-2045"
796,"2045-2050"
796,"2050-2055"
796,"2055-2060"
796,"2060-2065"
796,"2065-2070"
796,"2070-2075"
796,"2075-2080"
796,"2080-2085"
796,"2085-2090"
796,"2090-2095"
796,"2095-2100"
798,"2020-2025"
798,"2025-2030"
798,"2030-2035"
798,"2035-2040"
798,"2040-2045"
798,"2045-2050"
798,"2050-2055"
798,"2055-2060"
798,"2060-2065"
798,"2065-2070"
798,"2070-2075"
798,"2075-2080"
798,"2080-2085"
798,"2085-2090"
798,"2090-2095"
798,"2095-2100"
800,"2020-2025"
800,"2025-2030"
800,"2030-2035"
800,"2035-2040"
800,"2040-2045"
800,"2045-2050"
800,"2050-2055"
800,"2055-2060"
800,"2060-2065"
800,"2065-2070"
800,"2070-2075"
800,"2075-2080"
800,"2080-2085"
800,"2085-2090"
800,"2090-2095"
800,"2095-2100"
804,"2020-2025"
804,"2025-2030"
804,"2030-2035"
804,"2035-2040"
804,"2040-2045"
804,"2045-2050"
804,"2050-2055"
804,"2055-2060"
804,"2060-2065"
804,"2065-2070"
804,"2070-2075"
804,"2075-2080"
804,"2080-2085"
804,"2085-2090"
804,"2090-2095"
804,"2095-2100"
784,"2020-2025"
784,"2025-2030"
784,"2030-2035"
784,"2035-2040"
784,"2040-2045"
784,"2045-2050"
784,"2050-2055"
784,"2055-2060"
784,"2060-2065"
784,"2065-2070"
784,"2070-2075"
784,"2075-2080"
784,"2080-2085"
784,"2085-2090"
784,"2090-2095"
784,"2095-2100"
826,"2020-2025"
826,"2025-2030"
826,"2030-2035"
826,"2035-2040"
826,"2040-2045"
826,"2045-2050"
826,"2050-2055"
826,"2055-2060"
826,"2060-2065"
826,"2065-2070"
826,"2070-2075"
826,"2075-2080"
826,"2080-2085"
826,"2085-2090"
826,"2090-2095"
826,"2095-2100"
834,"2020-2025"
834,"2025-2030"
834,"2030-2035"
834,"2035-2040"
834,"2040-2045"
834,"2045-2050"
834,"2050-2055"
834,"2055-2060"
834,"2060-2065"
834,"2065-2070"
834,"2070-2075"
834,"2075-2080"
834,"2080-2085"
834,"2085-2090"
834,"2090-2095"
834,"2095-2100"
850,"2020-2025"
850,"2025-2030"
850,"2030-2035"
850,"2035-2040"
850,"2040-2045"
850,"2045-2050"
850,"2050-2055"
850,"2055-2060"
850,"2060-2065"
850,"2065-2070"
850,"2070-2075"
850,"2075-2080"
850,"2080-2085"
850,"2085-2090"
850,"2090-2095"
850,"2095-2100"
840,"2020-2025"
840,"2025-2030"
840,"2030-2035"
840,"2035-2040"
840,"2040-2045"
840,"2045-2050"
840,"2050-2055"
840,"2055-2060"
840,"2060-2065"
840,"2065-2070"
840,"2070-2075"
840,"2075-2080"
840,"2080-2085"
840,"2085-2090"
840,"2090-2095"
840,"2095-2100"
1502,"2020-2025"
1502,"2025-2030"
1502,"2030-2035"
1502,"2035-2040"
1502,"2040-2045"
1502,"2045-2050"
1502,"2050-2055"
1502,"2055-2060"
1502,"2060-2065"
1502,"2065-2070"
1502,"2070-2075"
1502,"2075-2080"
1502,"2080-2085"
1502,"2085-2090"
1502,"2090-2095"
1502,"2095-2100"
858,"2020-2025"
858,"2025-2030"
858,"2030-2035"
858,"2035-2040"
858,"2040-2045"
858,"2045-2050"
858,"2050-2055"
858,"2055-2060"
858,"2060-2065"
858,"2065-2070"
858,"2070-2075"
858,"2075-2080"
858,"2080-2085"
858,"2085-2090"
858,"2090-2095"
858,"2095-2100"
860,"2020-2025"
860,"2025-2030"
860,"2030-2035"
860,"2035-2040"
860,"2040-2045"
860,"2045-2050"
860,"2050-2055"
860,"2055-2060"
860,"2060-2065"
860,"2065-2070"
860,"2070-2075"
860,"2075-2080"
860,"2080-2085"
860,"2085-2090"
860,"2090-2095"
860,"2095-2100"
548,"2020-2025"
548,"2025-2030"
548,"2030-2035"
548,"2035-2040"
548,"2040-2045"
548,"2045-2050"
548,"2050-2055"
548,"2055-2060"
548,"2060-2065"
548,"2065-2070"
548,"2070-2075"
548,"2075-2080"
548,"2080-2085"
548,"2085-2090"
548,"2090-2095"
548,"2095-2100"
862,"2020-2025"
862,"2025-2030"
862,"2030-2035"
862,"2035-2040"
862,"2040-2045"
862,"2045-2050"
862,"2050-2055"
862,"2055-2060"
862,"2060-2065"
862,"2065-2070"
862,"2070-2075"
862,"2075-2080"
862,"2080-2085"
862,"2085-2090"
862,"2090-2095"
862,"2095-2100"
704,"2020-2025"
704,"2025-2030"
704,"2030-2035"
704,"2035-2040"
704,"2040-2045"
704,"2045-2050"
704,"2050-2055"
704,"2055-2060"
704,"2060-2065"
704,"2065-2070"
704,"2070-2075"
704,"2075-2080"
704,"2080-2085"
704,"2085-2090"
704,"2090-2095"
704,"2095-2100"
876,"2020-2025"
876,"2025-2030"
876,"2030-2035"
876,"2035-2040"
876,"2040-2045"
876,"2045-2050"
876,"2050-2055"
876,"2055-2060"
876,"2060-2065"
876,"2065-2070"
876,"2070-2075"
876,"2075-2080"
876,"2080-2085"
876,"2085-2090"
876,"2090-2095"
876,"2095-2100"
914,"2020-2025"
914,"2025-2030"
914,"2030-2035"
914,"2035-2040"
914,"2040-2045"
914,"2045-2050"
914,"2050-2055"
914,"2055-2060"
914,"2060-2065"
914,"2065-2070"
914,"2070-2075"
914,"2075-2080"
914,"2080-2085"
914,"2085-2090"
914,"2090-2095"
914,"2095-2100"
922,"2020-2025"
922,"2025-2030"
922,"2030-2035"
922,"2035-2040"
922,"2040-2045"
922,"2045-2050"
922,"2050-2055"
922,"2055-2060"
922,"2060-2065"
922,"2065-2070"
922,"2070-2075"
922,"2075-2080"
922,"2080-2085"
922,"2085-2090"
922,"2090-2095"
922,"2095-2100"
926,"2020-2025"
926,"2025-2030"
926,"2030-2035"
926,"2035-2040"
926,"2040-2045"
926,"2045-2050"
926,"2050-2055"
926,"2055-2060"
926,"2060-2065"
926,"2065-2070"
926,"2070-2075"
926,"2075-2080"
926,"2080-2085"
926,"2085-2090"
926,"2090-2095"
926,"2095-2100"
732,"2020-2025"
732,"2025-2030"
732,"2030-2035"
732,"2035-2040"
732,"2040-2045"
732,"2045-2050"
732,"2050-2055"
732,"2055-2060"
732,"2060-2065"
732,"2065-2070"
732,"2070-2075"
732,"2075-2080"
732,"2080-2085"
732,"2085-2090"
732,"2090-2095"
732,"2095-2100"
900,"2020-2025"
900,"2025-2030"
900,"2030-2035"
900,"2035-2040"
900,"2040-2045"
900,"2045-2050"
900,"2050-2055"
900,"2055-2060"
900,"2060-2065"
900,"2065-2070"
900,"2070-2075"
900,"2075-2080"
900,"2080-2085"
900,"2085-2090"
900,"2090-2095"
900,"2095-2100"
887,"2020-2025"
887,"2025-2030"
887,"2030-2035"
887,"2035-2040"
887,"2040-2045"
887,"2045-2050"
887,"2050-2055"
887,"2055-2060"
887,"2060-2065"
887,"2065-2070"
887,"2070-2075"
887,"2075-2080"
887,"2080-2085"
887,"2085-2090"
887,"2090-2095"
887,"2095-2100"
894,"2020-2025"
894,"2025-2030"
894,"2030-2035"
894,"2035-2040"
894,"2040-2045"
894,"2045-2050"
894,"2050-2055"
894,"2055-2060"
894,"2060-2065"
894,"2065-2070"
894,"2070-2075"
894,"2075-2080"
894,"2080-2085"
894,"2085-2090"
894,"2090-2095"
894,"2095-2100"
716,"2020-2025"
716,"2025-2030"
716,"2030-2035"
716,"2035-2040"
716,"2040-2045"
716,"2045-2050"
716,"2050-2055"
716,"2055-2060"
716,"2060-2065"
716,"2065-2070"
716,"2070-2075"
716,"2075-2080"
716,"2080-2085"
716,"2085-2090"
716,"2090-2095"
716,"2095-2100"
