"LocID","VarID","Time"
4,2,"1950-1955"
4,2,"1955-1960"
4,2,"1960-1965"
4,2,"1965-1970"
4,2,"1970-1975"
4,2,"1975-1980"
4,2,"1980-1985"
4,2,"1985-1990"
4,2,"1990-1995"
4,2,"1995-2000"
4,2,"2000-2005"
4,2,"2005-2010"
4,2,"2010-2015"
4,2,"2015-2020"
4,2,"2020-2025"
4,2,"2025-2030"
4,2,"2030-2035"
4,2,"2035-2040"
4,2,"2040-2045"
4,2,"2045-2050"
903,2,"1950-1955"
903,2,"1955-1960"
903,2,"1960-1965"
903,2,"1965-1970"
903,2,"1970-1975"
903,2,"1975-1980"
903,2,"1980-1985"
903,2,"1985-1990"
903,2,"1990-1995"
903,2,"1995-2000"
903,2,"2000-2005"
903,2,"2005-2010"
903,2,"2010-2015"
903,2,"2015-2020"
903,2,"2020-2025"
903,2,"2025-2030"
903,2,"2030-2035"
903,2,"2035-2040"
903,2,"2040-2045"
903,2,"2045-2050"
8,2,"1950-1955"
8,2,"1955-1960"
8,2,"1960-1965"
8,2,"1965-1970"
8,2,"1970-1975"
8,2,"1975-1980"
8,2,"1980-1985"
8,2,"1985-1990"
8,2,"1990-1995"
8,2,"1995-2000"
8,2,"2000-2005"
8,2,"2005-2010"
8,2,"2010-2015"
8,2,"2015-2020"
8,2,"2020-2025"
8,2,"2025-2030"
8,2,"2030-2035"
8,2,"2035-2040"
8,2,"2040-2045"
8,2,"2045-2050"
12,2,"1950-1955"
12,2,"1955-1960"
12,2,"1960-1965"
12,2,"1965-1970"
12,2,"1970-1975"
12,2,"1975-1980"
12,2,"1980-1985"
12,2,"1985-1990"
12,2,"1990-1995"
12,2,"1995-2000"
12,2,"2000-2005"
12,2,"2005-2010"
12,2,"2010-2015"
12,2,"2015-2020"
12,2,"2020-2025"
12,2,"2025-2030"
12,2,"2030-2035"
12,2,"2035-2040"
12,2,"2040-2045"
12,2,"2045-2050"
16,2,"1950-1955"
16,2,"1955-1960"
16,2,"1960-1965"
16,2,"1965-1970"
16,2,"1970-1975"
16,2,"1975-1980"
16,2,"1980-1985"
16,2,"1985-1990"
16,2,"1990-1995"
16,2,"1995-2000"
16,2,"2000-2005"
16,2,"2005-2010"
16,2,"2010-2015"
16,2,"2015-2020"
16,2,"2020-2025"
16,2,"2025-2030"
16,2,"2030-2035"
16,2,"2035-2040"
16,2,"2040-2045"
16,2,"2045-2050"
20,2,"1950-1955"
20,2,"1955-1960"
20,2,"1960-1965"
20,2,"1965-1970"
20,2,"1970-1975"
20,2,"1975-1980"
20,2,"1980-1985"
20,2,"1985-1990"
20,2,"1990-1995"
20,2,"1995-2000"
20,2,"2000-2005"
20,2,"2005-2010"
20,2,"2010-2015"
20,2,"2015-2020"
20,2,"2020-2025"
20,2,"2025-2030"
20,2,"2030-2035"
20,2,"2035-2040"
20,2,"2040-2045"
20,2,"2045-2050"
24,2,"1950-1955"
24,2,"1955-1960"
24,2,"1960-1965"
24,2,"1965-1970"
24,2,"1970-1975"
24,2,"1975-1980"
24,2,"1980-1985"
24,2,"1985-1990"
24,2,"1990-1995"
24,2,"1995-2000"
24,2,"2000-2005"
24,2,"2005-2010"
24,2,"2010-2015"
24,2,"2015-2020"
24,2,"2020-2025"
24,2,"2025-2030"
24,2,"2030-2035"
24,2,"2035-2040"
24,2,"2040-2045"
24,2,"2045-2050"
660,2,"1950-1955"
660,2,"1955-1960"
660,2,"1960-1965"
660,2,"1965-1970"
660,2,"1970-1975"
660,2,"1975-1980"
660,2,"1980-1985"
660,2,"1985-1990"
660,2,"1990-1995"
660,2,"1995-2000"
660,2,"2000-2005"
660,2,"2005-2010"
660,2,"2010-2015"
660,2,"2015-2020"
660,2,"2020-2025"
660,2,"2025-2030"
660,2,"2030-2035"
660,2,"2035-2040"
660,2,"2040-2045"
660,2,"2045-2050"
28,2,"1950-1955"
28,2,"1955-1960"
28,2,"1960-1965"
28,2,"1965-1970"
28,2,"1970-1975"
28,2,"1975-1980"
28,2,"1980-1985"
28,2,"1985-1990"
28,2,"1990-1995"
28,2,"1995-2000"
28,2,"2000-2005"
28,2,"2005-2010"
28,2,"2010-2015"
28,2,"2015-2020"
28,2,"2020-2025"
28,2,"2025-2030"
28,2,"2030-2035"
28,2,"2035-2040"
28,2,"2040-2045"
28,2,"2045-2050"
32,2,"1950-1955"
32,2,"1955-1960"
32,2,"1960-1965"
32,2,"1965-1970"
32,2,"1970-1975"
32,2,"1975-1980"
32,2,"1980-1985"
32,2,"1985-1990"
32,2,"1990-1995"
32,2,"1995-2000"
32,2,"2000-2005"
32,2,"2005-2010"
32,2,"2010-2015"
32,2,"2015-2020"
32,2,"2020-2025"
32,2,"2025-2030"
32,2,"2030-2035"
32,2,"2035-2040"
32,2,"2040-2045"
32,2,"2045-2050"
51,2,"1950-1955"
51,2,"1955-1960"
51,2,"1960-1965"
51,2,"1965-1970"
51,2,"1970-1975"
51,2,"1975-1980"
51,2,"1980-1985"
51,2,"1985-1990"
51,2,"1990-1995"
51,2,"1995-2000"
51,2,"2000-2005"
51,2,"2005-2010"
51,2,"2010-2015"
51,2,"2015-2020"
51,2,"2020-2025"
51,2,"2025-2030"
51,2,"2030-2035"
51,2,"2035-2040"
51,2,"2040-2045"
51,2,"2045-2050"
533,2,"1950-1955"
533,2,"1955-1960"
533,2,"1960-1965"
533,2,"1965-1970"
533,2,"1970-1975"
533,2,"1975-1980"
533,2,"1980-1985"
533,2,"1985-1990"
533,2,"1990-1995"
533,2,"1995-2000"
533,2,"2000-2005"
533,2,"2005-2010"
533,2,"2010-2015"
533,2,"2015-2020"
533,2,"2020-2025"
533,2,"2025-2030"
533,2,"2030-2035"
533,2,"2035-2040"
533,2,"2040-2045"
533,2,"2045-2050"
935,2,"1950-1955"
935,2,"1955-1960"
935,2,"1960-1965"
935,2,"1965-1970"
935,2,"1970-1975"
935,2,"1975-1980"
935,2,"1980-1985"
935,2,"1985-1990"
935,2,"1990-1995"
935,2,"1995-2000"
935,2,"2000-2005"
935,2,"2005-2010"
935,2,"2010-2015"
935,2,"2015-2020"
935,2,"2020-2025"
935,2,"2025-2030"
935,2,"2030-2035"
935,2,"2035-2040"
935,2,"2040-2045"
935,2,"2045-2050"
36,2,"1950-1955"
36,2,"1955-1960"
36,2,"1960-1965"
36,2,"1965-1970"
36,2,"1970-1975"
36,2,"1975-1980"
36,2,"1980-1985"
36,2,"1985-1990"
36,2,"1990-1995"
36,2,"1995-2000"
36,2,"2000-2005"
36,2,"2005-2010"
36,2,"2010-2015"
36,2,"2015-2020"
36,2,"2020-2025"
36,2,"2025-2030"
36,2,"2030-2035"
36,2,"2035-2040"
36,2,"2040-2045"
36,2,"2045-2050"
927,2,"1950-1955"
927,2,"1955-1960"
927,2,"1960-1965"
927,2,"1965-1970"
927,2,"1970-1975"
927,2,"1975-1980"
927,2,"1980-1985"
927,2,"1985-1990"
927,2,"1990-1995"
927,2,"1995-2000"
927,2,"2000-2005"
927,2,"2005-2010"
927,2,"2010-2015"
927,2,"2015-2020"
927,2,"2020-2025"
927,2,"2025-2030"
927,2,"2030-2035"
927,2,"2035-2040"
927,2,"2040-2045"
927,2,"2045-2050"
40,2,"1950-1955"
40,2,"1955-1960"
40,2,"1960-1965"
40,2,"1965-1970"
40,2,"1970-1975"
40,2,"1975-1980"
40,2,"1980-1985"
40,2,"1985-1990"
40,2,"1990-1995"
40,2,"1995-2000"
40,2,"2000-2005"
40,2,"2005-2010"
40,2,"2010-2015"
40,2,"2015-2020"
40,2,"2020-2025"
40,2,"2025-2030"
40,2,"2030-2035"
40,2,"2035-2040"
40,2,"2040-2045"
40,2,"2045-2050"
31,2,"1950-1955"
31,2,"1955-1960"
31,2,"1960-1965"
31,2,"1965-1970"
31,2,"1970-1975"
31,2,"1975-1980"
31,2,"1980-1985"
31,2,"1985-1990"
31,2,"1990-1995"
31,2,"1995-2000"
31,2,"2000-2005"
31,2,"2005-2010"
31,2,"2010-2015"
31,2,"2015-2020"
31,2,"2020-2025"
31,2,"2025-2030"
31,2,"2030-2035"
31,2,"2035-2040"
31,2,"2040-2045"
31,2,"2045-2050"
44,2,"1950-1955"
44,2,"1955-1960"
44,2,"1960-1965"
44,2,"1965-1970"
44,2,"1970-1975"
44,2,"1975-1980"
44,2,"1980-1985"
44,2,"1985-1990"
44,2,"1990-1995"
44,2,"1995-2000"
44,2,"2000-2005"
44,2,"2005-2010"
44,2,"2010-2015"
44,2,"2015-2020"
44,2,"2020-2025"
44,2,"2025-2030"
44,2,"2030-2035"
44,2,"2035-2040"
44,2,"2040-2045"
44,2,"2045-2050"
48,2,"1950-1955"
48,2,"1955-1960"
48,2,"1960-1965"
48,2,"1965-1970"
48,2,"1970-1975"
48,2,"1975-1980"
48,2,"1980-1985"
48,2,"1985-1990"
48,2,"1990-1995"
48,2,"1995-2000"
48,2,"2000-2005"
48,2,"2005-2010"
48,2,"2010-2015"
48,2,"2015-2020"
48,2,"2020-2025"
48,2,"2025-2030"
48,2,"2030-2035"
48,2,"2035-2040"
48,2,"2040-2045"
48,2,"2045-2050"
50,2,"1950-1955"
50,2,"1955-1960"
50,2,"1960-1965"
50,2,"1965-1970"
50,2,"1970-1975"
50,2,"1975-1980"
50,2,"1980-1985"
50,2,"1985-1990"
50,2,"1990-1995"
50,2,"1995-2000"
50,2,"2000-2005"
50,2,"2005-2010"
50,2,"2010-2015"
50,2,"2015-2020"
50,2,"2020-2025"
50,2,"2025-2030"
50,2,"2030-2035"
50,2,"2035-2040"
50,2,"2040-2045"
50,2,"2045-2050"
52,2,"1950-1955"
52,2,"1955-1960"
52,2,"1960-1965"
52,2,"1965-1970"
52,2,"1970-1975"
52,2,"1975-1980"
52,2,"1980-1985"
52,2,"1985-1990"
52,2,"1990-1995"
52,2,"1995-2000"
52,2,"2000-2005"
52,2,"2005-2010"
52,2,"2010-2015"
52,2,"2015-2020"
52,2,"2020-2025"
52,2,"2025-2030"
52,2,"2030-2035"
52,2,"2035-2040"
52,2,"2040-2045"
52,2,"2045-2050"
112,2,"1950-1955"
112,2,"1955-1960"
112,2,"1960-1965"
112,2,"1965-1970"
112,2,"1970-1975"
112,2,"1975-1980"
112,2,"1980-1985"
112,2,"1985-1990"
112,2,"1990-1995"
112,2,"1995-2000"
112,2,"2000-2005"
112,2,"2005-2010"
112,2,"2010-2015"
112,2,"2015-2020"
112,2,"2020-2025"
112,2,"2025-2030"
112,2,"2030-2035"
112,2,"2035-2040"
112,2,"2040-2045"
112,2,"2045-2050"
56,2,"1950-1955"
56,2,"1955-1960"
56,2,"1960-1965"
56,2,"1965-1970"
56,2,"1970-1975"
56,2,"1975-1980"
56,2,"1980-1985"
56,2,"1985-1990"
56,2,"1990-1995"
56,2,"1995-2000"
56,2,"2000-2005"
56,2,"2005-2010"
56,2,"2010-2015"
56,2,"2015-2020"
56,2,"2020-2025"
56,2,"2025-2030"
56,2,"2030-2035"
56,2,"2035-2040"
56,2,"2040-2045"
56,2,"2045-2050"
84,2,"1950-1955"
84,2,"1955-1960"
84,2,"1960-1965"
84,2,"1965-1970"
84,2,"1970-1975"
84,2,"1975-1980"
84,2,"1980-1985"
84,2,"1985-1990"
84,2,"1990-1995"
84,2,"1995-2000"
84,2,"2000-2005"
84,2,"2005-2010"
84,2,"2010-2015"
84,2,"2015-2020"
84,2,"2020-2025"
84,2,"2025-2030"
84,2,"2030-2035"
84,2,"2035-2040"
84,2,"2040-2045"
84,2,"2045-2050"
204,2,"1950-1955"
204,2,"1955-1960"
204,2,"1960-1965"
204,2,"1965-1970"
204,2,"1970-1975"
204,2,"1975-1980"
204,2,"1980-1985"
204,2,"1985-1990"
204,2,"1990-1995"
204,2,"1995-2000"
204,2,"2000-2005"
204,2,"2005-2010"
204,2,"2010-2015"
204,2,"2015-2020"
204,2,"2020-2025"
204,2,"2025-2030"
204,2,"2030-2035"
204,2,"2035-2040"
204,2,"2040-2045"
204,2,"2045-2050"
60,2,"1950-1955"
60,2,"1955-1960"
60,2,"1960-1965"
60,2,"1965-1970"
60,2,"1970-1975"
60,2,"1975-1980"
60,2,"1980-1985"
60,2,"1985-1990"
60,2,"1990-1995"
60,2,"1995-2000"
60,2,"2000-2005"
60,2,"2005-2010"
60,2,"2010-2015"
60,2,"2015-2020"
60,2,"2020-2025"
60,2,"2025-2030"
60,2,"2030-2035"
60,2,"2035-2040"
60,2,"2040-2045"
60,2,"2045-2050"
64,2,"1950-1955"
64,2,"1955-1960"
64,2,"1960-1965"
64,2,"1965-1970"
64,2,"1970-1975"
64,2,"1975-1980"
64,2,"1980-1985"
64,2,"1985-1990"
64,2,"1990-1995"
64,2,"1995-2000"
64,2,"2000-2005"
64,2,"2005-2010"
64,2,"2010-2015"
64,2,"2015-2020"
64,2,"2020-2025"
64,2,"2025-2030"
64,2,"2030-2035"
64,2,"2035-2040"
64,2,"2040-2045"
64,2,"2045-2050"
68,2,"1950-1955"
68,2,"1955-1960"
68,2,"1960-1965"
68,2,"1965-1970"
68,2,"1970-1975"
68,2,"1975-1980"
68,2,"1980-1985"
68,2,"1985-1990"
68,2,"1990-1995"
68,2,"1995-2000"
68,2,"2000-2005"
68,2,"2005-2010"
68,2,"2010-2015"
68,2,"2015-2020"
68,2,"2020-2025"
68,2,"2025-2030"
68,2,"2030-2035"
68,2,"2035-2040"
68,2,"2040-2045"
68,2,"2045-2050"
70,2,"1950-1955"
70,2,"1955-1960"
70,2,"1960-1965"
70,2,"1965-1970"
70,2,"1970-1975"
70,2,"1975-1980"
70,2,"1980-1985"
70,2,"1985-1990"
70,2,"1990-1995"
70,2,"1995-2000"
70,2,"2000-2005"
70,2,"2005-2010"
70,2,"2010-2015"
70,2,"2015-2020"
70,2,"2020-2025"
70,2,"2025-2030"
70,2,"2030-2035"
70,2,"2035-2040"
70,2,"2040-2045"
70,2,"2045-2050"
72,2,"1950-1955"
72,2,"1955-1960"
72,2,"1960-1965"
72,2,"1965-1970"
72,2,"1970-1975"
72,2,"1975-1980"
72,2,"1980-1985"
72,2,"1985-1990"
72,2,"1990-1995"
72,2,"1995-2000"
72,2,"2000-2005"
72,2,"2005-2010"
72,2,"2010-2015"
72,2,"2015-2020"
72,2,"2020-2025"
72,2,"2025-2030"
72,2,"2030-2035"
72,2,"2035-2040"
72,2,"2040-2045"
72,2,"2045-2050"
76,2,"1950-1955"
76,2,"1955-1960"
76,2,"1960-1965"
76,2,"1965-1970"
76,2,"1970-1975"
76,2,"1975-1980"
76,2,"1980-1985"
76,2,"1985-1990"
76,2,"1990-1995"
76,2,"1995-2000"
76,2,"2000-2005"
76,2,"2005-2010"
76,2,"2010-2015"
76,2,"2015-2020"
76,2,"2020-2025"
76,2,"2025-2030"
76,2,"2030-2035"
76,2,"2035-2040"
76,2,"2040-2045"
76,2,"2045-2050"
92,2,"1950-1955"
92,2,"1955-1960"
92,2,"1960-1965"
92,2,"1965-1970"
92,2,"1970-1975"
92,2,"1975-1980"
92,2,"1980-1985"
92,2,"1985-1990"
92,2,"1990-1995"
92,2,"1995-2000"
92,2,"2000-2005"
92,2,"2005-2010"
92,2,"2010-2015"
92,2,"2015-2020"
92,2,"2020-2025"
92,2,"2025-2030"
92,2,"2030-2035"
92,2,"2035-2040"
92,2,"2040-2045"
92,2,"2045-2050"
96,2,"1950-1955"
96,2,"1955-1960"
96,2,"1960-1965"
96,2,"1965-1970"
96,2,"1970-1975"
96,2,"1975-1980"
96,2,"1980-1985"
96,2,"1985-1990"
96,2,"1990-1995"
96,2,"1995-2000"
96,2,"2000-2005"
96,2,"2005-2010"
96,2,"2010-2015"
96,2,"2015-2020"
96,2,"2020-2025"
96,2,"2025-2030"
96,2,"2030-2035"
96,2,"2035-2040"
96,2,"2040-2045"
96,2,"2045-2050"
100,2,"1950-1955"
100,2,"1955-1960"
100,2,"1960-1965"
100,2,"1965-1970"
100,2,"1970-1975"
100,2,"1975-1980"
100,2,"1980-1985"
100,2,"1985-1990"
100,2,"1990-1995"
100,2,"1995-2000"
100,2,"2000-2005"
100,2,"2005-2010"
100,2,"2010-2015"
100,2,"2015-2020"
100,2,"2020-2025"
100,2,"2025-2030"
100,2,"2030-2035"
100,2,"2035-2040"
100,2,"2040-2045"
100,2,"2045-2050"
854,2,"1950-1955"
854,2,"1955-1960"
854,2,"1960-1965"
854,2,"1965-1970"
854,2,"1970-1975"
854,2,"1975-1980"
854,2,"1980-1985"
854,2,"1985-1990"
854,2,"1990-1995"
854,2,"1995-2000"
854,2,"2000-2005"
854,2,"2005-2010"
854,2,"2010-2015"
854,2,"2015-2020"
854,2,"2020-2025"
854,2,"2025-2030"
854,2,"2030-2035"
854,2,"2035-2040"
854,2,"2040-2045"
854,2,"2045-2050"
108,2,"1950-1955"
108,2,"1955-1960"
108,2,"1960-1965"
108,2,"1965-1970"
108,2,"1970-1975"
108,2,"1975-1980"
108,2,"1980-1985"
108,2,"1985-1990"
108,2,"1990-1995"
108,2,"1995-2000"
108,2,"2000-2005"
108,2,"2005-2010"
108,2,"2010-2015"
108,2,"2015-2020"
108,2,"2020-2025"
108,2,"2025-2030"
108,2,"2030-2035"
108,2,"2035-2040"
108,2,"2040-2045"
108,2,"2045-2050"
132,2,"1950-1955"
132,2,"1955-1960"
132,2,"1960-1965"
132,2,"1965-1970"
132,2,"1970-1975"
132,2,"1975-1980"
132,2,"1980-1985"
132,2,"1985-1990"
132,2,"1990-1995"
132,2,"1995-2000"
132,2,"2000-2005"
132,2,"2005-2010"
132,2,"2010-2015"
132,2,"2015-2020"
132,2,"2020-2025"
132,2,"2025-2030"
132,2,"2030-2035"
132,2,"2035-2040"
132,2,"2040-2045"
132,2,"2045-2050"
116,2,"1950-1955"
116,2,"1955-1960"
116,2,"1960-1965"
116,2,"1965-1970"
116,2,"1970-1975"
116,2,"1975-1980"
116,2,"1980-1985"
116,2,"1985-1990"
116,2,"1990-1995"
116,2,"1995-2000"
116,2,"2000-2005"
116,2,"2005-2010"
116,2,"2010-2015"
116,2,"2015-2020"
116,2,"2020-2025"
116,2,"2025-2030"
116,2,"2030-2035"
116,2,"2035-2040"
116,2,"2040-2045"
116,2,"2045-2050"
120,2,"1950-1955"
120,2,"1955-1960"
120,2,"1960-1965"
120,2,"1965-1970"
120,2,"1970-1975"
120,2,"1975-1980"
120,2,"1980-1985"
120,2,"1985-1990"
120,2,"1990-1995"
120,2,"1995-2000"
120,2,"2000-2005"
120,2,"2005-2010"
120,2,"2010-2015"
120,2,"2015-2020"
120,2,"2020-2025"
120,2,"2025-2030"
120,2,"2030-2035"
120,2,"2035-2040"
120,2,"2040-2045"
120,2,"2045-2050"
124,2,"1950-1955"
124,2,"1955-1960"
124,2,"1960-1965"
124,2,"1965-1970"
124,2,"1970-1975"
124,2,"1975-1980"
124,2,"1980-1985"
124,2,"1985-1990"
124,2,"1990-1995"
124,2,"1995-2000"
124,2,"2000-2005"
124,2,"2005-2010"
124,2,"2010-2015"
124,2,"2015-2020"
124,2,"2020-2025"
124,2,"2025-2030"
124,2,"2030-2035"
124,2,"2035-2040"
124,2,"2040-2045"
124,2,"2045-2050"
915,2,"1950-1955"
915,2,"1955-1960"
915,2,"1960-1965"
915,2,"1965-1970"
915,2,"1970-1975"
915,2,"1975-1980"
915,2,"1980-1985"
915,2,"1985-1990"
915,2,"1990-1995"
915,2,"1995-2000"
915,2,"2000-2005"
915,2,"2005-2010"
915,2,"2010-2015"
915,2,"2015-2020"
915,2,"2020-2025"
915,2,"2025-2030"
915,2,"2030-2035"
915,2,"2035-2040"
915,2,"2040-2045"
915,2,"2045-2050"
136,2,"1950-1955"
136,2,"1955-1960"
136,2,"1960-1965"
136,2,"1965-1970"
136,2,"1970-1975"
136,2,"1975-1980"
136,2,"1980-1985"
136,2,"1985-1990"
136,2,"1990-1995"
136,2,"1995-2000"
136,2,"2000-2005"
136,2,"2005-2010"
136,2,"2010-2015"
136,2,"2015-2020"
136,2,"2020-2025"
136,2,"2025-2030"
136,2,"2030-2035"
136,2,"2035-2040"
136,2,"2040-2045"
136,2,"2045-2050"
140,2,"1950-1955"
140,2,"1955-1960"
140,2,"1960-1965"
140,2,"1965-1970"
140,2,"1970-1975"
140,2,"1975-1980"
140,2,"1980-1985"
140,2,"1985-1990"
140,2,"1990-1995"
140,2,"1995-2000"
140,2,"2000-2005"
140,2,"2005-2010"
140,2,"2010-2015"
140,2,"2015-2020"
140,2,"2020-2025"
140,2,"2025-2030"
140,2,"2030-2035"
140,2,"2035-2040"
140,2,"2040-2045"
140,2,"2045-2050"
916,2,"1950-1955"
916,2,"1955-1960"
916,2,"1960-1965"
916,2,"1965-1970"
916,2,"1970-1975"
916,2,"1975-1980"
916,2,"1980-1985"
916,2,"1985-1990"
916,2,"1990-1995"
916,2,"1995-2000"
916,2,"2000-2005"
916,2,"2005-2010"
916,2,"2010-2015"
916,2,"2015-2020"
916,2,"2020-2025"
916,2,"2025-2030"
916,2,"2030-2035"
916,2,"2035-2040"
916,2,"2040-2045"
916,2,"2045-2050"
148,2,"1950-1955"
148,2,"1955-1960"
148,2,"1960-1965"
148,2,"1965-1970"
148,2,"1970-1975"
148,2,"1975-1980"
148,2,"1980-1985"
148,2,"1985-1990"
148,2,"1990-1995"
148,2,"1995-2000"
148,2,"2000-2005"
148,2,"2005-2010"
148,2,"2010-2015"
148,2,"2015-2020"
148,2,"2020-2025"
148,2,"2025-2030"
148,2,"2030-2035"
148,2,"2035-2040"
148,2,"2040-2045"
148,2,"2045-2050"
830,2,"1950-1955"
830,2,"1955-1960"
830,2,"1960-1965"
830,2,"1965-1970"
830,2,"1970-1975"
830,2,"1975-1980"
830,2,"1980-1985"
830,2,"1985-1990"
830,2,"1990-1995"
830,2,"1995-2000"
830,2,"2000-2005"
830,2,"2005-2010"
830,2,"2010-2015"
830,2,"2015-2020"
830,2,"2020-2025"
830,2,"2025-2030"
830,2,"2030-2035"
830,2,"2035-2040"
830,2,"2040-2045"
830,2,"2045-2050"
152,2,"1950-1955"
152,2,"1955-1960"
152,2,"1960-1965"
152,2,"1965-1970"
152,2,"1970-1975"
152,2,"1975-1980"
152,2,"1980-1985"
152,2,"1985-1990"
152,2,"1990-1995"
152,2,"1995-2000"
152,2,"2000-2005"
152,2,"2005-2010"
152,2,"2010-2015"
152,2,"2015-2020"
152,2,"2020-2025"
152,2,"2025-2030"
152,2,"2030-2035"
152,2,"2035-2040"
152,2,"2040-2045"
152,2,"2045-2050"
156,2,"1950-1955"
156,2,"1955-1960"
156,2,"1960-1965"
156,2,"1965-1970"
156,2,"1970-1975"
156,2,"1975-1980"
156,2,"1980-1985"
156,2,"1985-1990"
156,2,"1990-1995"
156,2,"1995-2000"
156,2,"2000-2005"
156,2,"2005-2010"
156,2,"2010-2015"
156,2,"2015-2020"
156,2,"2020-2025"
156,2,"2025-2030"
156,2,"2030-2035"
156,2,"2035-2040"
156,2,"2040-2045"
156,2,"2045-2050"
344,2,"1950-1955"
344,2,"1955-1960"
344,2,"1960-1965"
344,2,"1965-1970"
344,2,"1970-1975"
344,2,"1975-1980"
344,2,"1980-1985"
344,2,"1985-1990"
344,2,"1990-1995"
344,2,"1995-2000"
344,2,"2000-2005"
344,2,"2005-2010"
344,2,"2010-2015"
344,2,"2015-2020"
344,2,"2020-2025"
344,2,"2025-2030"
344,2,"2030-2035"
344,2,"2035-2040"
344,2,"2040-2045"
344,2,"2045-2050"
446,2,"1950-1955"
446,2,"1955-1960"
446,2,"1960-1965"
446,2,"1965-1970"
446,2,"1970-1975"
446,2,"1975-1980"
446,2,"1980-1985"
446,2,"1985-1990"
446,2,"1990-1995"
446,2,"1995-2000"
446,2,"2000-2005"
446,2,"2005-2010"
446,2,"2010-2015"
446,2,"2015-2020"
446,2,"2020-2025"
446,2,"2025-2030"
446,2,"2030-2035"
446,2,"2035-2040"
446,2,"2040-2045"
446,2,"2045-2050"
170,2,"1950-1955"
170,2,"1955-1960"
170,2,"1960-1965"
170,2,"1965-1970"
170,2,"1970-1975"
170,2,"1975-1980"
170,2,"1980-1985"
170,2,"1985-1990"
170,2,"1990-1995"
170,2,"1995-2000"
170,2,"2000-2005"
170,2,"2005-2010"
170,2,"2010-2015"
170,2,"2015-2020"
170,2,"2020-2025"
170,2,"2025-2030"
170,2,"2030-2035"
170,2,"2035-2040"
170,2,"2040-2045"
170,2,"2045-2050"
174,2,"1950-1955"
174,2,"1955-1960"
174,2,"1960-1965"
174,2,"1965-1970"
174,2,"1970-1975"
174,2,"1975-1980"
174,2,"1980-1985"
174,2,"1985-1990"
174,2,"1990-1995"
174,2,"1995-2000"
174,2,"2000-2005"
174,2,"2005-2010"
174,2,"2010-2015"
174,2,"2015-2020"
174,2,"2020-2025"
174,2,"2025-2030"
174,2,"2030-2035"
174,2,"2035-2040"
174,2,"2040-2045"
174,2,"2045-2050"
178,2,"1950-1955"
178,2,"1955-1960"
178,2,"1960-1965"
178,2,"1965-1970"
178,2,"1970-1975"
178,2,"1975-1980"
178,2,"1980-1985"
178,2,"1985-1990"
178,2,"1990-1995"
178,2,"1995-2000"
178,2,"2000-2005"
178,2,"2005-2010"
178,2,"2010-2015"
178,2,"2015-2020"
178,2,"2020-2025"
178,2,"2025-2030"
178,2,"2030-2035"
178,2,"2035-2040"
178,2,"2040-2045"
178,2,"2045-2050"
184,2,"1950-1955"
184,2,"1955-1960"
184,2,"1960-1965"
184,2,"1965-1970"
184,2,"1970-1975"
184,2,"1975-1980"
184,2,"1980-1985"
184,2,"1985-1990"
184,2,"1990-1995"
184,2,"1995-2000"
184,2,"2000-2005"
184,2,"2005-2010"
184,2,"2010-2015"
184,2,"2015-2020"
184,2,"2020-2025"
184,2,"2025-2030"
184,2,"2030-2035"
184,2,"2035-2040"
184,2,"2040-2045"
184,2,"2045-2050"
188,2,"1950-1955"
188,2,"1955-1960"
188,2,"1960-1965"
188,2,"1965-1970"
188,2,"1970-1975"
188,2,"1975-1980"
188,2,"1980-1985"
188,2,"1985-1990"
188,2,"1990-1995"
188,2,"1995-2000"
188,2,"2000-2005"
188,2,"2005-2010"
188,2,"2010-2015"
188,2,"2015-2020"
188,2,"2020-2025"
188,2,"2025-2030"
188,2,"2030-2035"
188,2,"2035-2040"
188,2,"2040-2045"
188,2,"2045-2050"
191,2,"1950-1955"
191,2,"1955-1960"
191,2,"1960-1965"
191,2,"1965-1970"
191,2,"1970-1975"
191,2,"1975-1980"
191,2,"1980-1985"
191,2,"1985-1990"
191,2,"1990-1995"
191,2,"1995-2000"
191,2,"2000-2005"
191,2,"2005-2010"
191,2,"2010-2015"
191,2,"2015-2020"
191,2,"2020-2025"
191,2,"2025-2030"
191,2,"2030-2035"
191,2,"2035-2040"
191,2,"2040-2045"
191,2,"2045-2050"
192,2,"1950-1955"
192,2,"1955-1960"
192,2,"1960-1965"
192,2,"1965-1970"
192,2,"1970-1975"
192,2,"1975-1980"
192,2,"1980-1985"
192,2,"1985-1990"
192,2,"1990-1995"
192,2,"1995-2000"
192,2,"2000-2005"
192,2,"2005-2010"
192,2,"2010-2015"
192,2,"2015-2020"
192,2,"2020-2025"
192,2,"2025-2030"
192,2,"2030-2035"
192,2,"2035-2040"
192,2,"2040-2045"
192,2,"2045-2050"
196,2,"1950-1955"
196,2,"1955-1960"
196,2,"1960-1965"
196,2,"1965-1970"
196,2,"1970-1975"
196,2,"1975-1980"
196,2,"1980-1985"
196,2,"1985-1990"
196,2,"1990-1995"
196,2,"1995-2000"
196,2,"2000-2005"
196,2,"2005-2010"
196,2,"2010-2015"
196,2,"2015-2020"
196,2,"2020-2025"
196,2,"2025-2030"
196,2,"2030-2035"
196,2,"2035-2040"
196,2,"2040-2045"
196,2,"2045-2050"
203,2,"1950-1955"
203,2,"1955-1960"
203,2,"1960-1965"
203,2,"1965-1970"
203,2,"1970-1975"
203,2,"1975-1980"
203,2,"1980-1985"
203,2,"1985-1990"
203,2,"1990-1995"
203,2,"1995-2000"
203,2,"2000-2005"
203,2,"2005-2010"
203,2,"2010-2015"
203,2,"2015-2020"
203,2,"2020-2025"
203,2,"2025-2030"
203,2,"2030-2035"
203,2,"2035-2040"
203,2,"2040-2045"
203,2,"2045-2050"
384,2,"1950-1955"
384,2,"1955-1960"
384,2,"1960-1965"
384,2,"1965-1970"
384,2,"1970-1975"
384,2,"1975-1980"
384,2,"1980-1985"
384,2,"1985-1990"
384,2,"1990-1995"
384,2,"1995-2000"
384,2,"2000-2005"
384,2,"2005-2010"
384,2,"2010-2015"
384,2,"2015-2020"
384,2,"2020-2025"
384,2,"2025-2030"
384,2,"2030-2035"
384,2,"2035-2040"
384,2,"2040-2045"
384,2,"2045-2050"
408,2,"1950-1955"
408,2,"1955-1960"
408,2,"1960-1965"
408,2,"1965-1970"
408,2,"1970-1975"
408,2,"1975-1980"
408,2,"1980-1985"
408,2,"1985-1990"
408,2,"1990-1995"
408,2,"1995-2000"
408,2,"2000-2005"
408,2,"2005-2010"
408,2,"2010-2015"
408,2,"2015-2020"
408,2,"2020-2025"
408,2,"2025-2030"
408,2,"2030-2035"
408,2,"2035-2040"
408,2,"2040-2045"
408,2,"2045-2050"
180,2,"1950-1955"
180,2,"1955-1960"
180,2,"1960-1965"
180,2,"1965-1970"
180,2,"1970-1975"
180,2,"1975-1980"
180,2,"1980-1985"
180,2,"1985-1990"
180,2,"1990-1995"
180,2,"1995-2000"
180,2,"2000-2005"
180,2,"2005-2010"
180,2,"2010-2015"
180,2,"2015-2020"
180,2,"2020-2025"
180,2,"2025-2030"
180,2,"2030-2035"
180,2,"2035-2040"
180,2,"2040-2045"
180,2,"2045-2050"
208,2,"1950-1955"
208,2,"1955-1960"
208,2,"1960-1965"
208,2,"1965-1970"
208,2,"1970-1975"
208,2,"1975-1980"
208,2,"1980-1985"
208,2,"1985-1990"
208,2,"1990-1995"
208,2,"1995-2000"
208,2,"2000-2005"
208,2,"2005-2010"
208,2,"2010-2015"
208,2,"2015-2020"
208,2,"2020-2025"
208,2,"2025-2030"
208,2,"2030-2035"
208,2,"2035-2040"
208,2,"2040-2045"
208,2,"2045-2050"
262,2,"1950-1955"
262,2,"1955-1960"
262,2,"1960-1965"
262,2,"1965-1970"
262,2,"1970-1975"
262,2,"1975-1980"
262,2,"1980-1985"
262,2,"1985-1990"
262,2,"1990-1995"
262,2,"1995-2000"
262,2,"2000-2005"
262,2,"2005-2010"
262,2,"2010-2015"
262,2,"2015-2020"
262,2,"2020-2025"
262,2,"2025-2030"
262,2,"2030-2035"
262,2,"2035-2040"
262,2,"2040-2045"
262,2,"2045-2050"
212,2,"1950-1955"
212,2,"1955-1960"
212,2,"1960-1965"
212,2,"1965-1970"
212,2,"1970-1975"
212,2,"1975-1980"
212,2,"1980-1985"
212,2,"1985-1990"
212,2,"1990-1995"
212,2,"1995-2000"
212,2,"2000-2005"
212,2,"2005-2010"
212,2,"2010-2015"
212,2,"2015-2020"
212,2,"2020-2025"
212,2,"2025-2030"
212,2,"2030-2035"
212,2,"2035-2040"
212,2,"2040-2045"
212,2,"2045-2050"
214,2,"1950-1955"
214,2,"1955-1960"
214,2,"1960-1965"
214,2,"1965-1970"
214,2,"1970-1975"
214,2,"1975-1980"
214,2,"1980-1985"
214,2,"1985-1990"
214,2,"1990-1995"
214,2,"1995-2000"
214,2,"2000-2005"
214,2,"2005-2010"
214,2,"2010-2015"
214,2,"2015-2020"
214,2,"2020-2025"
214,2,"2025-2030"
214,2,"2030-2035"
214,2,"2035-2040"
214,2,"2040-2045"
214,2,"2045-2050"
910,2,"1950-1955"
910,2,"1955-1960"
910,2,"1960-1965"
910,2,"1965-1970"
910,2,"1970-1975"
910,2,"1975-1980"
910,2,"1980-1985"
910,2,"1985-1990"
910,2,"1990-1995"
910,2,"1995-2000"
910,2,"2000-2005"
910,2,"2005-2010"
910,2,"2010-2015"
910,2,"2015-2020"
910,2,"2020-2025"
910,2,"2025-2030"
910,2,"2030-2035"
910,2,"2035-2040"
910,2,"2040-2045"
910,2,"2045-2050"
906,2,"1950-1955"
906,2,"1955-1960"
906,2,"1960-1965"
906,2,"1965-1970"
906,2,"1970-1975"
906,2,"1975-1980"
906,2,"1980-1985"
906,2,"1985-1990"
906,2,"1990-1995"
906,2,"1995-2000"
906,2,"2000-2005"
906,2,"2005-2010"
906,2,"2010-2015"
906,2,"2015-2020"
906,2,"2020-2025"
906,2,"2025-2030"
906,2,"2030-2035"
906,2,"2035-2040"
906,2,"2040-2045"
906,2,"2045-2050"
923,2,"1950-1955"
923,2,"1955-1960"
923,2,"1960-1965"
923,2,"1965-1970"
923,2,"1970-1975"
923,2,"1975-1980"
923,2,"1980-1985"
923,2,"1985-1990"
923,2,"1990-1995"
923,2,"1995-2000"
923,2,"2000-2005"
923,2,"2005-2010"
923,2,"2010-2015"
923,2,"2015-2020"
923,2,"2020-2025"
923,2,"2025-2030"
923,2,"2030-2035"
923,2,"2035-2040"
923,2,"2040-2045"
923,2,"2045-2050"
218,2,"1950-1955"
218,2,"1955-1960"
218,2,"1960-1965"
218,2,"1965-1970"
218,2,"1970-1975"
218,2,"1975-1980"
218,2,"1980-1985"
218,2,"1985-1990"
218,2,"1990-1995"
218,2,"1995-2000"
218,2,"2000-2005"
218,2,"2005-2010"
218,2,"2010-2015"
218,2,"2015-2020"
218,2,"2020-2025"
218,2,"2025-2030"
218,2,"2030-2035"
218,2,"2035-2040"
218,2,"2040-2045"
218,2,"2045-2050"
818,2,"1950-1955"
818,2,"1955-1960"
818,2,"1960-1965"
818,2,"1965-1970"
818,2,"1970-1975"
818,2,"1975-1980"
818,2,"1980-1985"
818,2,"1985-1990"
818,2,"1990-1995"
818,2,"1995-2000"
818,2,"2000-2005"
818,2,"2005-2010"
818,2,"2010-2015"
818,2,"2015-2020"
818,2,"2020-2025"
818,2,"2025-2030"
818,2,"2030-2035"
818,2,"2035-2040"
818,2,"2040-2045"
818,2,"2045-2050"
222,2,"1950-1955"
222,2,"1955-1960"
222,2,"1960-1965"
222,2,"1965-1970"
222,2,"1970-1975"
222,2,"1975-1980"
222,2,"1980-1985"
222,2,"1985-1990"
222,2,"1990-1995"
222,2,"1995-2000"
222,2,"2000-2005"
222,2,"2005-2010"
222,2,"2010-2015"
222,2,"2015-2020"
222,2,"2020-2025"
222,2,"2025-2030"
222,2,"2030-2035"
222,2,"2035-2040"
222,2,"2040-2045"
222,2,"2045-2050"
226,2,"1950-1955"
226,2,"1955-1960"
226,2,"1960-1965"
226,2,"1965-1970"
226,2,"1970-1975"
226,2,"1975-1980"
226,2,"1980-1985"
226,2,"1985-1990"
226,2,"1990-1995"
226,2,"1995-2000"
226,2,"2000-2005"
226,2,"2005-2010"
226,2,"2010-2015"
226,2,"2015-2020"
226,2,"2020-2025"
226,2,"2025-2030"
226,2,"2030-2035"
226,2,"2035-2040"
226,2,"2040-2045"
226,2,"2045-2050"
232,2,"1950-1955"
232,2,"1955-1960"
232,2,"1960-1965"
232,2,"1965-1970"
232,2,"1970-1975"
232,2,"1975-1980"
232,2,"1980-1985"
232,2,"1985-1990"
232,2,"1990-1995"
232,2,"1995-2000"
232,2,"2000-2005"
232,2,"2005-2010"
232,2,"2010-2015"
232,2,"2015-2020"
232,2,"2020-2025"
232,2,"2025-2030"
232,2,"2030-2035"
232,2,"2035-2040"
232,2,"2040-2045"
232,2,"2045-2050"
233,2,"1950-1955"
233,2,"1955-1960"
233,2,"1960-1965"
233,2,"1965-1970"
233,2,"1970-1975"
233,2,"1975-1980"
233,2,"1980-1985"
233,2,"1985-1990"
233,2,"1990-1995"
233,2,"1995-2000"
233,2,"2000-2005"
233,2,"2005-2010"
233,2,"2010-2015"
233,2,"2015-2020"
233,2,"2020-2025"
233,2,"2025-2030"
233,2,"2030-2035"
233,2,"2035-2040"
233,2,"2040-2045"
233,2,"2045-2050"
231,2,"1950-1955"
231,2,"1955-1960"
231,2,"1960-1965"
231,2,"1965-1970"
231,2,"1970-1975"
231,2,"1975-1980"
231,2,"1980-1985"
231,2,"1985-1990"
231,2,"1990-1995"
231,2,"1995-2000"
231,2,"2000-2005"
231,2,"2005-2010"
231,2,"2010-2015"
231,2,"2015-2020"
231,2,"2020-2025"
231,2,"2025-2030"
231,2,"2030-2035"
231,2,"2035-2040"
231,2,"2040-2045"
231,2,"2045-2050"
908,2,"1950-1955"
908,2,"1955-1960"
908,2,"1960-1965"
908,2,"1965-1970"
908,2,"1970-1975"
908,2,"1975-1980"
908,2,"1980-1985"
908,2,"1985-1990"
908,2,"1990-1995"
908,2,"1995-2000"
908,2,"2000-2005"
908,2,"2005-2010"
908,2,"2010-2015"
908,2,"2015-2020"
908,2,"2020-2025"
908,2,"2025-2030"
908,2,"2030-2035"
908,2,"2035-2040"
908,2,"2040-2045"
908,2,"2045-2050"
234,2,"1950-1955"
234,2,"1955-1960"
234,2,"1960-1965"
234,2,"1965-1970"
234,2,"1970-1975"
234,2,"1975-1980"
234,2,"1980-1985"
234,2,"1985-1990"
234,2,"1990-1995"
234,2,"1995-2000"
234,2,"2000-2005"
234,2,"2005-2010"
234,2,"2010-2015"
234,2,"2015-2020"
234,2,"2020-2025"
234,2,"2025-2030"
234,2,"2030-2035"
234,2,"2035-2040"
234,2,"2040-2045"
234,2,"2045-2050"
238,2,"1950-1955"
238,2,"1955-1960"
238,2,"1960-1965"
238,2,"1965-1970"
238,2,"1970-1975"
238,2,"1975-1980"
238,2,"1980-1985"
238,2,"1985-1990"
238,2,"1990-1995"
238,2,"1995-2000"
238,2,"2000-2005"
238,2,"2005-2010"
238,2,"2010-2015"
238,2,"2015-2020"
238,2,"2020-2025"
238,2,"2025-2030"
238,2,"2030-2035"
238,2,"2035-2040"
238,2,"2040-2045"
238,2,"2045-2050"
242,2,"1950-1955"
242,2,"1955-1960"
242,2,"1960-1965"
242,2,"1965-1970"
242,2,"1970-1975"
242,2,"1975-1980"
242,2,"1980-1985"
242,2,"1985-1990"
242,2,"1990-1995"
242,2,"1995-2000"
242,2,"2000-2005"
242,2,"2005-2010"
242,2,"2010-2015"
242,2,"2015-2020"
242,2,"2020-2025"
242,2,"2025-2030"
242,2,"2030-2035"
242,2,"2035-2040"
242,2,"2040-2045"
242,2,"2045-2050"
246,2,"1950-1955"
246,2,"1955-1960"
246,2,"1960-1965"
246,2,"1965-1970"
246,2,"1970-1975"
246,2,"1975-1980"
246,2,"1980-1985"
246,2,"1985-1990"
246,2,"1990-1995"
246,2,"1995-2000"
246,2,"2000-2005"
246,2,"2005-2010"
246,2,"2010-2015"
246,2,"2015-2020"
246,2,"2020-2025"
246,2,"2025-2030"
246,2,"2030-2035"
246,2,"2035-2040"
246,2,"2040-2045"
246,2,"2045-2050"
250,2,"1950-1955"
250,2,"1955-1960"
250,2,"1960-1965"
250,2,"1965-1970"
250,2,"1970-1975"
250,2,"1975-1980"
250,2,"1980-1985"
250,2,"1985-1990"
250,2,"1990-1995"
250,2,"1995-2000"
250,2,"2000-2005"
250,2,"2005-2010"
250,2,"2010-2015"
250,2,"2015-2020"
250,2,"2020-2025"
250,2,"2025-2030"
250,2,"2030-2035"
250,2,"2035-2040"
250,2,"2040-2045"
250,2,"2045-2050"
254,2,"1950-1955"
254,2,"1955-1960"
254,2,"1960-1965"
254,2,"1965-1970"
254,2,"1970-1975"
254,2,"1975-1980"
254,2,"1980-1985"
254,2,"1985-1990"
254,2,"1990-1995"
254,2,"1995-2000"
254,2,"2000-2005"
254,2,"2005-2010"
254,2,"2010-2015"
254,2,"2015-2020"
254,2,"2020-2025"
254,2,"2025-2030"
254,2,"2030-2035"
254,2,"2035-2040"
254,2,"2040-2045"
254,2,"2045-2050"
258,2,"1950-1955"
258,2,"1955-1960"
258,2,"1960-1965"
258,2,"1965-1970"
258,2,"1970-1975"
258,2,"1975-1980"
258,2,"1980-1985"
258,2,"1985-1990"
258,2,"1990-1995"
258,2,"1995-2000"
258,2,"2000-2005"
258,2,"2005-2010"
258,2,"2010-2015"
258,2,"2015-2020"
258,2,"2020-2025"
258,2,"2025-2030"
258,2,"2030-2035"
258,2,"2035-2040"
258,2,"2040-2045"
258,2,"2045-2050"
266,2,"1950-1955"
266,2,"1955-1960"
266,2,"1960-1965"
266,2,"1965-1970"
266,2,"1970-1975"
266,2,"1975-1980"
266,2,"1980-1985"
266,2,"1985-1990"
266,2,"1990-1995"
266,2,"1995-2000"
266,2,"2000-2005"
266,2,"2005-2010"
266,2,"2010-2015"
266,2,"2015-2020"
266,2,"2020-2025"
266,2,"2025-2030"
266,2,"2030-2035"
266,2,"2035-2040"
266,2,"2040-2045"
266,2,"2045-2050"
270,2,"1950-1955"
270,2,"1955-1960"
270,2,"1960-1965"
270,2,"1965-1970"
270,2,"1970-1975"
270,2,"1975-1980"
270,2,"1980-1985"
270,2,"1985-1990"
270,2,"1990-1995"
270,2,"1995-2000"
270,2,"2000-2005"
270,2,"2005-2010"
270,2,"2010-2015"
270,2,"2015-2020"
270,2,"2020-2025"
270,2,"2025-2030"
270,2,"2030-2035"
270,2,"2035-2040"
270,2,"2040-2045"
270,2,"2045-2050"
268,2,"1950-1955"
268,2,"1955-1960"
268,2,"1960-1965"
268,2,"1965-1970"
268,2,"1970-1975"
268,2,"1975-1980"
268,2,"1980-1985"
268,2,"1985-1990"
268,2,"1990-1995"
268,2,"1995-2000"
268,2,"2000-2005"
268,2,"2005-2010"
268,2,"2010-2015"
268,2,"2015-2020"
268,2,"2020-2025"
268,2,"2025-2030"
268,2,"2030-2035"
268,2,"2035-2040"
268,2,"2040-2045"
268,2,"2045-2050"
276,2,"1950-1955"
276,2,"1955-1960"
276,2,"1960-1965"
276,2,"1965-1970"
276,2,"1970-1975"
276,2,"1975-1980"
276,2,"1980-1985"
276,2,"1985-1990"
276,2,"1990-1995"
276,2,"1995-2000"
276,2,"2000-2005"
276,2,"2005-2010"
276,2,"2010-2015"
276,2,"2015-2020"
276,2,"2020-2025"
276,2,"2025-2030"
276,2,"2030-2035"
276,2,"2035-2040"
276,2,"2040-2045"
276,2,"2045-2050"
288,2,"1950-1955"
288,2,"1955-1960"
288,2,"1960-1965"
288,2,"1965-1970"
288,2,"1970-1975"
288,2,"1975-1980"
288,2,"1980-1985"
288,2,"1985-1990"
288,2,"1990-1995"
288,2,"1995-2000"
288,2,"2000-2005"
288,2,"2005-2010"
288,2,"2010-2015"
288,2,"2015-2020"
288,2,"2020-2025"
288,2,"2025-2030"
288,2,"2030-2035"
288,2,"2035-2040"
288,2,"2040-2045"
288,2,"2045-2050"
292,2,"1950-1955"
292,2,"1955-1960"
292,2,"1960-1965"
292,2,"1965-1970"
292,2,"1970-1975"
292,2,"1975-1980"
292,2,"1980-1985"
292,2,"1985-1990"
292,2,"1990-1995"
292,2,"1995-2000"
292,2,"2000-2005"
292,2,"2005-2010"
292,2,"2010-2015"
292,2,"2015-2020"
292,2,"2020-2025"
292,2,"2025-2030"
292,2,"2030-2035"
292,2,"2035-2040"
292,2,"2040-2045"
292,2,"2045-2050"
300,2,"1950-1955"
300,2,"1955-1960"
300,2,"1960-1965"
300,2,"1965-1970"
300,2,"1970-1975"
300,2,"1975-1980"
300,2,"1980-1985"
300,2,"1985-1990"
300,2,"1990-1995"
300,2,"1995-2000"
300,2,"2000-2005"
300,2,"2005-2010"
300,2,"2010-2015"
300,2,"2015-2020"
300,2,"2020-2025"
300,2,"2025-2030"
300,2,"2030-2035"
300,2,"2035-2040"
300,2,"2040-2045"
300,2,"2045-2050"
304,2,"1950-1955"
304,2,"1955-1960"
304,2,"1960-1965"
304,2,"1965-1970"
304,2,"1970-1975"
304,2,"1975-1980"
304,2,"1980-1985"
304,2,"1985-1990"
304,2,"1990-1995"
304,2,"1995-2000"
304,2,"2000-2005"
304,2,"2005-2010"
304,2,"2010-2015"
304,2,"2015-2020"
304,2,"2020-2025"
304,2,"2025-2030"
304,2,"2030-2035"
304,2,"2035-2040"
304,2,"2040-2045"
304,2,"2045-2050"
308,2,"1950-1955"
308,2,"1955-1960"
308,2,"1960-1965"
308,2,"1965-1970"
308,2,"1970-1975"
308,2,"1975-1980"
308,2,"1980-1985"
308,2,"1985-1990"
308,2,"1990-1995"
308,2,"1995-2000"
308,2,"2000-2005"
308,2,"2005-2010"
308,2,"2010-2015"
308,2,"2015-2020"
308,2,"2020-2025"
308,2,"2025-2030"
308,2,"2030-2035"
308,2,"2035-2040"
308,2,"2040-2045"
308,2,"2045-2050"
312,2,"1950-1955"
312,2,"1955-1960"
312,2,"1960-1965"
312,2,"1965-1970"
312,2,"1970-1975"
312,2,"1975-1980"
312,2,"1980-1985"
312,2,"1985-1990"
312,2,"1990-1995"
312,2,"1995-2000"
312,2,"2000-2005"
312,2,"2005-2010"
312,2,"2010-2015"
312,2,"2015-2020"
312,2,"2020-2025"
312,2,"2025-2030"
312,2,"2030-2035"
312,2,"2035-2040"
312,2,"2040-2045"
312,2,"2045-2050"
316,2,"1950-1955"
316,2,"1955-1960"
316,2,"1960-1965"
316,2,"1965-1970"
316,2,"1970-1975"
316,2,"1975-1980"
316,2,"1980-1985"
316,2,"1985-1990"
316,2,"1990-1995"
316,2,"1995-2000"
316,2,"2000-2005"
316,2,"2005-2010"
316,2,"2010-2015"
316,2,"2015-2020"
316,2,"2020-2025"
316,2,"2025-2030"
316,2,"2030-2035"
316,2,"2035-2040"
316,2,"2040-2045"
316,2,"2045-2050"
320,2,"1950-1955"
320,2,"1955-1960"
320,2,"1960-1965"
320,2,"1965-1970"
320,2,"1970-1975"
320,2,"1975-1980"
320,2,"1980-1985"
320,2,"1985-1990"
320,2,"1990-1995"
320,2,"1995-2000"
320,2,"2000-2005"
320,2,"2005-2010"
320,2,"2010-2015"
320,2,"2015-2020"
320,2,"2020-2025"
320,2,"2025-2030"
320,2,"2030-2035"
320,2,"2035-2040"
320,2,"2040-2045"
320,2,"2045-2050"
324,2,"1950-1955"
324,2,"1955-1960"
324,2,"1960-1965"
324,2,"1965-1970"
324,2,"1970-1975"
324,2,"1975-1980"
324,2,"1980-1985"
324,2,"1985-1990"
324,2,"1990-1995"
324,2,"1995-2000"
324,2,"2000-2005"
324,2,"2005-2010"
324,2,"2010-2015"
324,2,"2015-2020"
324,2,"2020-2025"
324,2,"2025-2030"
324,2,"2030-2035"
324,2,"2035-2040"
324,2,"2040-2045"
324,2,"2045-2050"
624,2,"1950-1955"
624,2,"1955-1960"
624,2,"1960-1965"
624,2,"1965-1970"
624,2,"1970-1975"
624,2,"1975-1980"
624,2,"1980-1985"
624,2,"1985-1990"
624,2,"1990-1995"
624,2,"1995-2000"
624,2,"2000-2005"
624,2,"2005-2010"
624,2,"2010-2015"
624,2,"2015-2020"
624,2,"2020-2025"
624,2,"2025-2030"
624,2,"2030-2035"
624,2,"2035-2040"
624,2,"2040-2045"
624,2,"2045-2050"
328,2,"1950-1955"
328,2,"1955-1960"
328,2,"1960-1965"
328,2,"1965-1970"
328,2,"1970-1975"
328,2,"1975-1980"
328,2,"1980-1985"
328,2,"1985-1990"
328,2,"1990-1995"
328,2,"1995-2000"
328,2,"2000-2005"
328,2,"2005-2010"
328,2,"2010-2015"
328,2,"2015-2020"
328,2,"2020-2025"
328,2,"2025-2030"
328,2,"2030-2035"
328,2,"2035-2040"
328,2,"2040-2045"
328,2,"2045-2050"
332,2,"1950-1955"
332,2,"1955-1960"
332,2,"1960-1965"
332,2,"1965-1970"
332,2,"1970-1975"
332,2,"1975-1980"
332,2,"1980-1985"
332,2,"1985-1990"
332,2,"1990-1995"
332,2,"1995-2000"
332,2,"2000-2005"
332,2,"2005-2010"
332,2,"2010-2015"
332,2,"2015-2020"
332,2,"2020-2025"
332,2,"2025-2030"
332,2,"2030-2035"
332,2,"2035-2040"
332,2,"2040-2045"
332,2,"2045-2050"
336,2,"1950-1955"
336,2,"1955-1960"
336,2,"1960-1965"
336,2,"1965-1970"
336,2,"1970-1975"
336,2,"1975-1980"
336,2,"1980-1985"
336,2,"1985-1990"
336,2,"1990-1995"
336,2,"1995-2000"
336,2,"2000-2005"
336,2,"2005-2010"
336,2,"2010-2015"
336,2,"2015-2020"
336,2,"2020-2025"
336,2,"2025-2030"
336,2,"2030-2035"
336,2,"2035-2040"
336,2,"2040-2045"
336,2,"2045-2050"
340,2,"1950-1955"
340,2,"1955-1960"
340,2,"1960-1965"
340,2,"1965-1970"
340,2,"1970-1975"
340,2,"1975-1980"
340,2,"1980-1985"
340,2,"1985-1990"
340,2,"1990-1995"
340,2,"1995-2000"
340,2,"2000-2005"
340,2,"2005-2010"
340,2,"2010-2015"
340,2,"2015-2020"
340,2,"2020-2025"
340,2,"2025-2030"
340,2,"2030-2035"
340,2,"2035-2040"
340,2,"2040-2045"
340,2,"2045-2050"
348,2,"1950-1955"
348,2,"1955-1960"
348,2,"1960-1965"
348,2,"1965-1970"
348,2,"1970-1975"
348,2,"1975-1980"
348,2,"1980-1985"
348,2,"1985-1990"
348,2,"1990-1995"
348,2,"1995-2000"
348,2,"2000-2005"
348,2,"2005-2010"
348,2,"2010-2015"
348,2,"2015-2020"
348,2,"2020-2025"
348,2,"2025-2030"
348,2,"2030-2035"
348,2,"2035-2040"
348,2,"2040-2045"
348,2,"2045-2050"
352,2,"1950-1955"
352,2,"1955-1960"
352,2,"1960-1965"
352,2,"1965-1970"
352,2,"1970-1975"
352,2,"1975-1980"
352,2,"1980-1985"
352,2,"1985-1990"
352,2,"1990-1995"
352,2,"1995-2000"
352,2,"2000-2005"
352,2,"2005-2010"
352,2,"2010-2015"
352,2,"2015-2020"
352,2,"2020-2025"
352,2,"2025-2030"
352,2,"2030-2035"
352,2,"2035-2040"
352,2,"2040-2045"
352,2,"2045-2050"
356,2,"1950-1955"
356,2,"1955-1960"
356,2,"1960-1965"
356,2,"1965-1970"
356,2,"1970-1975"
356,2,"1975-1980"
356,2,"1980-1985"
356,2,"1985-1990"
356,2,"1990-1995"
356,2,"1995-2000"
356,2,"2000-2005"
356,2,"2005-2010"
356,2,"2010-2015"
356,2,"2015-2020"
356,2,"2020-2025"
356,2,"2025-2030"
356,2,"2030-2035"
356,2,"2035-2040"
356,2,"2040-2045"
356,2,"2045-2050"
360,2,"1950-1955"
360,2,"1955-1960"
360,2,"1960-1965"
360,2,"1965-1970"
360,2,"1970-1975"
360,2,"1975-1980"
360,2,"1980-1985"
360,2,"1985-1990"
360,2,"1990-1995"
360,2,"1995-2000"
360,2,"2000-2005"
360,2,"2005-2010"
360,2,"2010-2015"
360,2,"2015-2020"
360,2,"2020-2025"
360,2,"2025-2030"
360,2,"2030-2035"
360,2,"2035-2040"
360,2,"2040-2045"
360,2,"2045-2050"
364,2,"1950-1955"
364,2,"1955-1960"
364,2,"1960-1965"
364,2,"1965-1970"
364,2,"1970-1975"
364,2,"1975-1980"
364,2,"1980-1985"
364,2,"1985-1990"
364,2,"1990-1995"
364,2,"1995-2000"
364,2,"2000-2005"
364,2,"2005-2010"
364,2,"2010-2015"
364,2,"2015-2020"
364,2,"2020-2025"
364,2,"2025-2030"
364,2,"2030-2035"
364,2,"2035-2040"
364,2,"2040-2045"
364,2,"2045-2050"
368,2,"1950-1955"
368,2,"1955-1960"
368,2,"1960-1965"
368,2,"1965-1970"
368,2,"1970-1975"
368,2,"1975-1980"
368,2,"1980-1985"
368,2,"1985-1990"
368,2,"1990-1995"
368,2,"1995-2000"
368,2,"2000-2005"
368,2,"2005-2010"
368,2,"2010-2015"
368,2,"2015-2020"
368,2,"2020-2025"
368,2,"2025-2030"
368,2,"2030-2035"
368,2,"2035-2040"
368,2,"2040-2045"
368,2,"2045-2050"
372,2,"1950-1955"
372,2,"1955-1960"
372,2,"1960-1965"
372,2,"1965-1970"
372,2,"1970-1975"
372,2,"1975-1980"
372,2,"1980-1985"
372,2,"1985-1990"
372,2,"1990-1995"
372,2,"1995-2000"
372,2,"2000-2005"
372,2,"2005-2010"
372,2,"2010-2015"
372,2,"2015-2020"
372,2,"2020-2025"
372,2,"2025-2030"
372,2,"2030-2035"
372,2,"2035-2040"
372,2,"2040-2045"
372,2,"2045-2050"
833,2,"1950-1955"
833,2,"1955-1960"
833,2,"1960-1965"
833,2,"1965-1970"
833,2,"1970-1975"
833,2,"1975-1980"
833,2,"1980-1985"
833,2,"1985-1990"
833,2,"1990-1995"
833,2,"1995-2000"
833,2,"2000-2005"
833,2,"2005-2010"
833,2,"2010-2015"
833,2,"2015-2020"
833,2,"2020-2025"
833,2,"2025-2030"
833,2,"2030-2035"
833,2,"2035-2040"
833,2,"2040-2045"
833,2,"2045-2050"
376,2,"1950-1955"
376,2,"1955-1960"
376,2,"1960-1965"
376,2,"1965-1970"
376,2,"1970-1975"
376,2,"1975-1980"
376,2,"1980-1985"
376,2,"1985-1990"
376,2,"1990-1995"
376,2,"1995-2000"
376,2,"2000-2005"
376,2,"2005-2010"
376,2,"2010-2015"
376,2,"2015-2020"
376,2,"2020-2025"
376,2,"2025-2030"
376,2,"2030-2035"
376,2,"2035-2040"
376,2,"2040-2045"
376,2,"2045-2050"
380,2,"1950-1955"
380,2,"1955-1960"
380,2,"1960-1965"
380,2,"1965-1970"
380,2,"1970-1975"
380,2,"1975-1980"
380,2,"1980-1985"
380,2,"1985-1990"
380,2,"1990-1995"
380,2,"1995-2000"
380,2,"2000-2005"
380,2,"2005-2010"
380,2,"2010-2015"
380,2,"2015-2020"
380,2,"2020-2025"
380,2,"2025-2030"
380,2,"2030-2035"
380,2,"2035-2040"
380,2,"2040-2045"
380,2,"2045-2050"
388,2,"1950-1955"
388,2,"1955-1960"
388,2,"1960-1965"
388,2,"1965-1970"
388,2,"1970-1975"
388,2,"1975-1980"
388,2,"1980-1985"
388,2,"1985-1990"
388,2,"1990-1995"
388,2,"1995-2000"
388,2,"2000-2005"
388,2,"2005-2010"
388,2,"2010-2015"
388,2,"2015-2020"
388,2,"2020-2025"
388,2,"2025-2030"
388,2,"2030-2035"
388,2,"2035-2040"
388,2,"2040-2045"
388,2,"2045-2050"
392,2,"1950-1955"
392,2,"1955-1960"
392,2,"1960-1965"
392,2,"1965-1970"
392,2,"1970-1975"
392,2,"1975-1980"
392,2,"1980-1985"
392,2,"1985-1990"
392,2,"1990-1995"
392,2,"1995-2000"
392,2,"2000-2005"
392,2,"2005-2010"
392,2,"2010-2015"
392,2,"2015-2020"
392,2,"2020-2025"
392,2,"2025-2030"
392,2,"2030-2035"
392,2,"2035-2040"
392,2,"2040-2045"
392,2,"2045-2050"
400,2,"1950-1955"
400,2,"1955-1960"
400,2,"1960-1965"
400,2,"1965-1970"
400,2,"1970-1975"
400,2,"1975-1980"
400,2,"1980-1985"
400,2,"1985-1990"
400,2,"1990-1995"
400,2,"1995-2000"
400,2,"2000-2005"
400,2,"2005-2010"
400,2,"2010-2015"
400,2,"2015-2020"
400,2,"2020-2025"
400,2,"2025-2030"
400,2,"2030-2035"
400,2,"2035-2040"
400,2,"2040-2045"
400,2,"2045-2050"
398,2,"1950-1955"
398,2,"1955-1960"
398,2,"1960-1965"
398,2,"1965-1970"
398,2,"1970-1975"
398,2,"1975-1980"
398,2,"1980-1985"
398,2,"1985-1990"
398,2,"1990-1995"
398,2,"1995-2000"
398,2,"2000-2005"
398,2,"2005-2010"
398,2,"2010-2015"
398,2,"2015-2020"
398,2,"2020-2025"
398,2,"2025-2030"
398,2,"2030-2035"
398,2,"2035-2040"
398,2,"2040-2045"
398,2,"2045-2050"
404,2,"1950-1955"
404,2,"1955-1960"
404,2,"1960-1965"
404,2,"1965-1970"
404,2,"1970-1975"
404,2,"1975-1980"
404,2,"1980-1985"
404,2,"1985-1990"
404,2,"1990-1995"
404,2,"1995-2000"
404,2,"2000-2005"
404,2,"2005-2010"
404,2,"2010-2015"
404,2,"2015-2020"
404,2,"2020-2025"
404,2,"2025-2030"
404,2,"2030-2035"
404,2,"2035-2040"
404,2,"2040-2045"
404,2,"2045-2050"
296,2,"1950-1955"
296,2,"1955-1960"
296,2,"1960-1965"
296,2,"1965-1970"
296,2,"1970-1975"
296,2,"1975-1980"
296,2,"1980-1985"
296,2,"1985-1990"
296,2,"1990-1995"
296,2,"1995-2000"
296,2,"2000-2005"
296,2,"2005-2010"
296,2,"2010-2015"
296,2,"2015-2020"
296,2,"2020-2025"
296,2,"2025-2030"
296,2,"2030-2035"
296,2,"2035-2040"
296,2,"2040-2045"
296,2,"2045-2050"
414,2,"1950-1955"
414,2,"1955-1960"
414,2,"1960-1965"
414,2,"1965-1970"
414,2,"1970-1975"
414,2,"1975-1980"
414,2,"1980-1985"
414,2,"1985-1990"
414,2,"1990-1995"
414,2,"1995-2000"
414,2,"2000-2005"
414,2,"2005-2010"
414,2,"2010-2015"
414,2,"2015-2020"
414,2,"2020-2025"
414,2,"2025-2030"
414,2,"2030-2035"
414,2,"2035-2040"
414,2,"2040-2045"
414,2,"2045-2050"
417,2,"1950-1955"
417,2,"1955-1960"
417,2,"1960-1965"
417,2,"1965-1970"
417,2,"1970-1975"
417,2,"1975-1980"
417,2,"1980-1985"
417,2,"1985-1990"
417,2,"1990-1995"
417,2,"1995-2000"
417,2,"2000-2005"
417,2,"2005-2010"
417,2,"2010-2015"
417,2,"2015-2020"
417,2,"2020-2025"
417,2,"2025-2030"
417,2,"2030-2035"
417,2,"2035-2040"
417,2,"2040-2045"
417,2,"2045-2050"
418,2,"1950-1955"
418,2,"1955-1960"
418,2,"1960-1965"
418,2,"1965-1970"
418,2,"1970-1975"
418,2,"1975-1980"
418,2,"1980-1985"
418,2,"1985-1990"
418,2,"1990-1995"
418,2,"1995-2000"
418,2,"2000-2005"
418,2,"2005-2010"
418,2,"2010-2015"
418,2,"2015-2020"
418,2,"2020-2025"
418,2,"2025-2030"
418,2,"2030-2035"
418,2,"2035-2040"
418,2,"2040-2045"
418,2,"2045-2050"
904,2,"1950-1955"
904,2,"1955-1960"
904,2,"1960-1965"
904,2,"1965-1970"
904,2,"1970-1975"
904,2,"1975-1980"
904,2,"1980-1985"
904,2,"1985-1990"
904,2,"1990-1995"
904,2,"1995-2000"
904,2,"2000-2005"
904,2,"2005-2010"
904,2,"2010-2015"
904,2,"2015-2020"
904,2,"2020-2025"
904,2,"2025-2030"
904,2,"2030-2035"
904,2,"2035-2040"
904,2,"2040-2045"
904,2,"2045-2050"
428,2,"1950-1955"
428,2,"1955-1960"
428,2,"1960-1965"
428,2,"1965-1970"
428,2,"1970-1975"
428,2,"1975-1980"
428,2,"1980-1985"
428,2,"1985-1990"
428,2,"1990-1995"
428,2,"1995-2000"
428,2,"2000-2005"
428,2,"2005-2010"
428,2,"2010-2015"
428,2,"2015-2020"
428,2,"2020-2025"
428,2,"2025-2030"
428,2,"2030-2035"
428,2,"2035-2040"
428,2,"2040-2045"
428,2,"2045-2050"
941,2,"1950-1955"
941,2,"1955-1960"
941,2,"1960-1965"
941,2,"1965-1970"
941,2,"1970-1975"
941,2,"1975-1980"
941,2,"1980-1985"
941,2,"1985-1990"
941,2,"1990-1995"
941,2,"1995-2000"
941,2,"2000-2005"
941,2,"2005-2010"
941,2,"2010-2015"
941,2,"2015-2020"
941,2,"2020-2025"
941,2,"2025-2030"
941,2,"2030-2035"
941,2,"2035-2040"
941,2,"2040-2045"
941,2,"2045-2050"
422,2,"1950-1955"
422,2,"1955-1960"
422,2,"1960-1965"
422,2,"1965-1970"
422,2,"1970-1975"
422,2,"1975-1980"
422,2,"1980-1985"
422,2,"1985-1990"
422,2,"1990-1995"
422,2,"1995-2000"
422,2,"2000-2005"
422,2,"2005-2010"
422,2,"2010-2015"
422,2,"2015-2020"
422,2,"2020-2025"
422,2,"2025-2030"
422,2,"2030-2035"
422,2,"2035-2040"
422,2,"2040-2045"
422,2,"2045-2050"
426,2,"1950-1955"
426,2,"1955-1960"
426,2,"1960-1965"
426,2,"1965-1970"
426,2,"1970-1975"
426,2,"1975-1980"
426,2,"1980-1985"
426,2,"1985-1990"
426,2,"1990-1995"
426,2,"1995-2000"
426,2,"2000-2005"
426,2,"2005-2010"
426,2,"2010-2015"
426,2,"2015-2020"
426,2,"2020-2025"
426,2,"2025-2030"
426,2,"2030-2035"
426,2,"2035-2040"
426,2,"2040-2045"
426,2,"2045-2050"
902,2,"1950-1955"
902,2,"1955-1960"
902,2,"1960-1965"
902,2,"1965-1970"
902,2,"1970-1975"
902,2,"1975-1980"
902,2,"1980-1985"
902,2,"1985-1990"
902,2,"1990-1995"
902,2,"1995-2000"
902,2,"2000-2005"
902,2,"2005-2010"
902,2,"2010-2015"
902,2,"2015-2020"
902,2,"2020-2025"
902,2,"2025-2030"
902,2,"2030-2035"
902,2,"2035-2040"
902,2,"2040-2045"
902,2,"2045-2050"
430,2,"1950-1955"
430,2,"1955-1960"
430,2,"1960-1965"
430,2,"1965-1970"
430,2,"1970-1975"
430,2,"1975-1980"
430,2,"1980-1985"
430,2,"1985-1990"
430,2,"1990-1995"
430,2,"1995-2000"
430,2,"2000-2005"
430,2,"2005-2010"
430,2,"2010-2015"
430,2,"2015-2020"
430,2,"2020-2025"
430,2,"2025-2030"
430,2,"2030-2035"
430,2,"2035-2040"
430,2,"2040-2045"
430,2,"2045-2050"
434,2,"1950-1955"
434,2,"1955-1960"
434,2,"1960-1965"
434,2,"1965-1970"
434,2,"1970-1975"
434,2,"1975-1980"
434,2,"1980-1985"
434,2,"1985-1990"
434,2,"1990-1995"
434,2,"1995-2000"
434,2,"2000-2005"
434,2,"2005-2010"
434,2,"2010-2015"
434,2,"2015-2020"
434,2,"2020-2025"
434,2,"2025-2030"
434,2,"2030-2035"
434,2,"2035-2040"
434,2,"2040-2045"
434,2,"2045-2050"
438,2,"1950-1955"
438,2,"1955-1960"
438,2,"1960-1965"
438,2,"1965-1970"
438,2,"1970-1975"
438,2,"1975-1980"
438,2,"1980-1985"
438,2,"1985-1990"
438,2,"1990-1995"
438,2,"1995-2000"
438,2,"2000-2005"
438,2,"2005-2010"
438,2,"2010-2015"
438,2,"2015-2020"
438,2,"2020-2025"
438,2,"2025-2030"
438,2,"2030-2035"
438,2,"2035-2040"
438,2,"2040-2045"
438,2,"2045-2050"
440,2,"1950-1955"
440,2,"1955-1960"
440,2,"1960-1965"
440,2,"1965-1970"
440,2,"1970-1975"
440,2,"1975-1980"
440,2,"1980-1985"
440,2,"1985-1990"
440,2,"1990-1995"
440,2,"1995-2000"
440,2,"2000-2005"
440,2,"2005-2010"
440,2,"2010-2015"
440,2,"2015-2020"
440,2,"2020-2025"
440,2,"2025-2030"
440,2,"2030-2035"
440,2,"2035-2040"
440,2,"2040-2045"
440,2,"2045-2050"
442,2,"1950-1955"
442,2,"1955-1960"
442,2,"1960-1965"
442,2,"1965-1970"
442,2,"1970-1975"
442,2,"1975-1980"
442,2,"1980-1985"
442,2,"1985-1990"
442,2,"1990-1995"
442,2,"1995-2000"
442,2,"2000-2005"
442,2,"2005-2010"
442,2,"2010-2015"
442,2,"2015-2020"
442,2,"2020-2025"
442,2,"2025-2030"
442,2,"2030-2035"
442,2,"2035-2040"
442,2,"2040-2045"
442,2,"2045-2050"
450,2,"1950-1955"
450,2,"1955-1960"
450,2,"1960-1965"
450,2,"1965-1970"
450,2,"1970-1975"
450,2,"1975-1980"
450,2,"1980-1985"
450,2,"1985-1990"
450,2,"1990-1995"
450,2,"1995-2000"
450,2,"2000-2005"
450,2,"2005-2010"
450,2,"2010-2015"
450,2,"2015-2020"
450,2,"2020-2025"
450,2,"2025-2030"
450,2,"2030-2035"
450,2,"2035-2040"
450,2,"2040-2045"
450,2,"2045-2050"
454,2,"1950-1955"
454,2,"1955-1960"
454,2,"1960-1965"
454,2,"1965-1970"
454,2,"1970-1975"
454,2,"1975-1980"
454,2,"1980-1985"
454,2,"1985-1990"
454,2,"1990-1995"
454,2,"1995-2000"
454,2,"2000-2005"
454,2,"2005-2010"
454,2,"2010-2015"
454,2,"2015-2020"
454,2,"2020-2025"
454,2,"2025-2030"
454,2,"2030-2035"
454,2,"2035-2040"
454,2,"2040-2045"
454,2,"2045-2050"
458,2,"1950-1955"
458,2,"1955-1960"
458,2,"1960-1965"
458,2,"1965-1970"
458,2,"1970-1975"
458,2,"1975-1980"
458,2,"1980-1985"
458,2,"1985-1990"
458,2,"1990-1995"
458,2,"1995-2000"
458,2,"2000-2005"
458,2,"2005-2010"
458,2,"2010-2015"
458,2,"2015-2020"
458,2,"2020-2025"
458,2,"2025-2030"
458,2,"2030-2035"
458,2,"2035-2040"
458,2,"2040-2045"
458,2,"2045-2050"
462,2,"1950-1955"
462,2,"1955-1960"
462,2,"1960-1965"
462,2,"1965-1970"
462,2,"1970-1975"
462,2,"1975-1980"
462,2,"1980-1985"
462,2,"1985-1990"
462,2,"1990-1995"
462,2,"1995-2000"
462,2,"2000-2005"
462,2,"2005-2010"
462,2,"2010-2015"
462,2,"2015-2020"
462,2,"2020-2025"
462,2,"2025-2030"
462,2,"2030-2035"
462,2,"2035-2040"
462,2,"2040-2045"
462,2,"2045-2050"
466,2,"1950-1955"
466,2,"1955-1960"
466,2,"1960-1965"
466,2,"1965-1970"
466,2,"1970-1975"
466,2,"1975-1980"
466,2,"1980-1985"
466,2,"1985-1990"
466,2,"1990-1995"
466,2,"1995-2000"
466,2,"2000-2005"
466,2,"2005-2010"
466,2,"2010-2015"
466,2,"2015-2020"
466,2,"2020-2025"
466,2,"2025-2030"
466,2,"2030-2035"
466,2,"2035-2040"
466,2,"2040-2045"
466,2,"2045-2050"
470,2,"1950-1955"
470,2,"1955-1960"
470,2,"1960-1965"
470,2,"1965-1970"
470,2,"1970-1975"
470,2,"1975-1980"
470,2,"1980-1985"
470,2,"1985-1990"
470,2,"1990-1995"
470,2,"1995-2000"
470,2,"2000-2005"
470,2,"2005-2010"
470,2,"2010-2015"
470,2,"2015-2020"
470,2,"2020-2025"
470,2,"2025-2030"
470,2,"2030-2035"
470,2,"2035-2040"
470,2,"2040-2045"
470,2,"2045-2050"
584,2,"1950-1955"
584,2,"1955-1960"
584,2,"1960-1965"
584,2,"1965-1970"
584,2,"1970-1975"
584,2,"1975-1980"
584,2,"1980-1985"
584,2,"1985-1990"
584,2,"1990-1995"
584,2,"1995-2000"
584,2,"2000-2005"
584,2,"2005-2010"
584,2,"2010-2015"
584,2,"2015-2020"
584,2,"2020-2025"
584,2,"2025-2030"
584,2,"2030-2035"
584,2,"2035-2040"
584,2,"2040-2045"
584,2,"2045-2050"
474,2,"1950-1955"
474,2,"1955-1960"
474,2,"1960-1965"
474,2,"1965-1970"
474,2,"1970-1975"
474,2,"1975-1980"
474,2,"1980-1985"
474,2,"1985-1990"
474,2,"1990-1995"
474,2,"1995-2000"
474,2,"2000-2005"
474,2,"2005-2010"
474,2,"2010-2015"
474,2,"2015-2020"
474,2,"2020-2025"
474,2,"2025-2030"
474,2,"2030-2035"
474,2,"2035-2040"
474,2,"2040-2045"
474,2,"2045-2050"
478,2,"1950-1955"
478,2,"1955-1960"
478,2,"1960-1965"
478,2,"1965-1970"
478,2,"1970-1975"
478,2,"1975-1980"
478,2,"1980-1985"
478,2,"1985-1990"
478,2,"1990-1995"
478,2,"1995-2000"
478,2,"2000-2005"
478,2,"2005-2010"
478,2,"2010-2015"
478,2,"2015-2020"
478,2,"2020-2025"
478,2,"2025-2030"
478,2,"2030-2035"
478,2,"2035-2040"
478,2,"2040-2045"
478,2,"2045-2050"
480,2,"1950-1955"
480,2,"1955-1960"
480,2,"1960-1965"
480,2,"1965-1970"
480,2,"1970-1975"
480,2,"1975-1980"
480,2,"1980-1985"
480,2,"1985-1990"
480,2,"1990-1995"
480,2,"1995-2000"
480,2,"2000-2005"
480,2,"2005-2010"
480,2,"2010-2015"
480,2,"2015-2020"
480,2,"2020-2025"
480,2,"2025-2030"
480,2,"2030-2035"
480,2,"2035-2040"
480,2,"2040-2045"
480,2,"2045-2050"
928,2,"1950-1955"
928,2,"1955-1960"
928,2,"1960-1965"
928,2,"1965-1970"
928,2,"1970-1975"
928,2,"1975-1980"
928,2,"1980-1985"
928,2,"1985-1990"
928,2,"1990-1995"
928,2,"1995-2000"
928,2,"2000-2005"
928,2,"2005-2010"
928,2,"2010-2015"
928,2,"2015-2020"
928,2,"2020-2025"
928,2,"2025-2030"
928,2,"2030-2035"
928,2,"2035-2040"
928,2,"2040-2045"
928,2,"2045-2050"
484,2,"1950-1955"
484,2,"1955-1960"
484,2,"1960-1965"
484,2,"1965-1970"
484,2,"1970-1975"
484,2,"1975-1980"
484,2,"1980-1985"
484,2,"1985-1990"
484,2,"1990-1995"
484,2,"1995-2000"
484,2,"2000-2005"
484,2,"2005-2010"
484,2,"2010-2015"
484,2,"2015-2020"
484,2,"2020-2025"
484,2,"2025-2030"
484,2,"2030-2035"
484,2,"2035-2040"
484,2,"2040-2045"
484,2,"2045-2050"
954,2,"1950-1955"
954,2,"1955-1960"
954,2,"1960-1965"
954,2,"1965-1970"
954,2,"1970-1975"
954,2,"1975-1980"
954,2,"1980-1985"
954,2,"1985-1990"
954,2,"1990-1995"
954,2,"1995-2000"
954,2,"2000-2005"
954,2,"2005-2010"
954,2,"2010-2015"
954,2,"2015-2020"
954,2,"2020-2025"
954,2,"2025-2030"
954,2,"2030-2035"
954,2,"2035-2040"
954,2,"2040-2045"
954,2,"2045-2050"
583,2,"1950-1955"
583,2,"1955-1960"
583,2,"1960-1965"
583,2,"1965-1970"
583,2,"1970-1975"
583,2,"1975-1980"
583,2,"1980-1985"
583,2,"1985-1990"
583,2,"1990-1995"
583,2,"1995-2000"
583,2,"2000-2005"
583,2,"2005-2010"
583,2,"2010-2015"
583,2,"2015-2020"
583,2,"2020-2025"
583,2,"2025-2030"
583,2,"2030-2035"
583,2,"2035-2040"
583,2,"2040-2045"
583,2,"2045-2050"
911,2,"1950-1955"
911,2,"1955-1960"
911,2,"1960-1965"
911,2,"1965-1970"
911,2,"1970-1975"
911,2,"1975-1980"
911,2,"1980-1985"
911,2,"1985-1990"
911,2,"1990-1995"
911,2,"1995-2000"
911,2,"2000-2005"
911,2,"2005-2010"
911,2,"2010-2015"
911,2,"2015-2020"
911,2,"2020-2025"
911,2,"2025-2030"
911,2,"2030-2035"
911,2,"2035-2040"
911,2,"2040-2045"
911,2,"2045-2050"
492,2,"1950-1955"
492,2,"1955-1960"
492,2,"1960-1965"
492,2,"1965-1970"
492,2,"1970-1975"
492,2,"1975-1980"
492,2,"1980-1985"
492,2,"1985-1990"
492,2,"1990-1995"
492,2,"1995-2000"
492,2,"2000-2005"
492,2,"2005-2010"
492,2,"2010-2015"
492,2,"2015-2020"
492,2,"2020-2025"
492,2,"2025-2030"
492,2,"2030-2035"
492,2,"2035-2040"
492,2,"2040-2045"
492,2,"2045-2050"
496,2,"1950-1955"
496,2,"1955-1960"
496,2,"1960-1965"
496,2,"1965-1970"
496,2,"1970-1975"
496,2,"1975-1980"
496,2,"1980-1985"
496,2,"1985-1990"
496,2,"1990-1995"
496,2,"1995-2000"
496,2,"2000-2005"
496,2,"2005-2010"
496,2,"2010-2015"
496,2,"2015-2020"
496,2,"2020-2025"
496,2,"2025-2030"
496,2,"2030-2035"
496,2,"2035-2040"
496,2,"2040-2045"
496,2,"2045-2050"
500,2,"1950-1955"
500,2,"1955-1960"
500,2,"1960-1965"
500,2,"1965-1970"
500,2,"1970-1975"
500,2,"1975-1980"
500,2,"1980-1985"
500,2,"1985-1990"
500,2,"1990-1995"
500,2,"1995-2000"
500,2,"2000-2005"
500,2,"2005-2010"
500,2,"2010-2015"
500,2,"2015-2020"
500,2,"2020-2025"
500,2,"2025-2030"
500,2,"2030-2035"
500,2,"2035-2040"
500,2,"2040-2045"
500,2,"2045-2050"
901,2,"1950-1955"
901,2,"1955-1960"
901,2,"1960-1965"
901,2,"1965-1970"
901,2,"1970-1975"
901,2,"1975-1980"
901,2,"1980-1985"
901,2,"1985-1990"
901,2,"1990-1995"
901,2,"1995-2000"
901,2,"2000-2005"
901,2,"2005-2010"
901,2,"2010-2015"
901,2,"2015-2020"
901,2,"2020-2025"
901,2,"2025-2030"
901,2,"2030-2035"
901,2,"2035-2040"
901,2,"2040-2045"
901,2,"2045-2050"
504,2,"1950-1955"
504,2,"1955-1960"
504,2,"1960-1965"
504,2,"1965-1970"
504,2,"1970-1975"
504,2,"1975-1980"
504,2,"1980-1985"
504,2,"1985-1990"
504,2,"1990-1995"
504,2,"1995-2000"
504,2,"2000-2005"
504,2,"2005-2010"
504,2,"2010-2015"
504,2,"2015-2020"
504,2,"2020-2025"
504,2,"2025-2030"
504,2,"2030-2035"
504,2,"2035-2040"
504,2,"2040-2045"
504,2,"2045-2050"
508,2,"1950-1955"
508,2,"1955-1960"
508,2,"1960-1965"
508,2,"1965-1970"
508,2,"1970-1975"
508,2,"1975-1980"
508,2,"1980-1985"
508,2,"1985-1990"
508,2,"1990-1995"
508,2,"1995-2000"
508,2,"2000-2005"
508,2,"2005-2010"
508,2,"2010-2015"
508,2,"2015-2020"
508,2,"2020-2025"
508,2,"2025-2030"
508,2,"2030-2035"
508,2,"2035-2040"
508,2,"2040-2045"
508,2,"2045-2050"
104,2,"1950-1955"
104,2,"1955-1960"
104,2,"1960-1965"
104,2,"1965-1970"
104,2,"1970-1975"
104,2,"1975-1980"
104,2,"1980-1985"
104,2,"1985-1990"
104,2,"1990-1995"
104,2,"1995-2000"
104,2,"2000-2005"
104,2,"2005-2010"
104,2,"2010-2015"
104,2,"2015-2020"
104,2,"2020-2025"
104,2,"2025-2030"
104,2,"2030-2035"
104,2,"2035-2040"
104,2,"2040-2045"
104,2,"2045-2050"
516,2,"1950-1955"
516,2,"1955-1960"
516,2,"1960-1965"
516,2,"1965-1970"
516,2,"1970-1975"
516,2,"1975-1980"
516,2,"1980-1985"
516,2,"1985-1990"
516,2,"1990-1995"
516,2,"1995-2000"
516,2,"2000-2005"
516,2,"2005-2010"
516,2,"2010-2015"
516,2,"2015-2020"
516,2,"2020-2025"
516,2,"2025-2030"
516,2,"2030-2035"
516,2,"2035-2040"
516,2,"2040-2045"
516,2,"2045-2050"
520,2,"1950-1955"
520,2,"1955-1960"
520,2,"1960-1965"
520,2,"1965-1970"
520,2,"1970-1975"
520,2,"1975-1980"
520,2,"1980-1985"
520,2,"1985-1990"
520,2,"1990-1995"
520,2,"1995-2000"
520,2,"2000-2005"
520,2,"2005-2010"
520,2,"2010-2015"
520,2,"2015-2020"
520,2,"2020-2025"
520,2,"2025-2030"
520,2,"2030-2035"
520,2,"2035-2040"
520,2,"2040-2045"
520,2,"2045-2050"
524,2,"1950-1955"
524,2,"1955-1960"
524,2,"1960-1965"
524,2,"1965-1970"
524,2,"1970-1975"
524,2,"1975-1980"
524,2,"1980-1985"
524,2,"1985-1990"
524,2,"1990-1995"
524,2,"1995-2000"
524,2,"2000-2005"
524,2,"2005-2010"
524,2,"2010-2015"
524,2,"2015-2020"
524,2,"2020-2025"
524,2,"2025-2030"
524,2,"2030-2035"
524,2,"2035-2040"
524,2,"2040-2045"
524,2,"2045-2050"
528,2,"1950-1955"
528,2,"1955-1960"
528,2,"1960-1965"
528,2,"1965-1970"
528,2,"1970-1975"
528,2,"1975-1980"
528,2,"1980-1985"
528,2,"1985-1990"
528,2,"1990-1995"
528,2,"1995-2000"
528,2,"2000-2005"
528,2,"2005-2010"
528,2,"2010-2015"
528,2,"2015-2020"
528,2,"2020-2025"
528,2,"2025-2030"
528,2,"2030-2035"
528,2,"2035-2040"
528,2,"2040-2045"
528,2,"2045-2050"
530,2,"1950-1955"
530,2,"1955-1960"
530,2,"1960-1965"
530,2,"1965-1970"
530,2,"1970-1975"
530,2,"1975-1980"
530,2,"1980-1985"
530,2,"1985-1990"
530,2,"1990-1995"
530,2,"1995-2000"
530,2,"2000-2005"
530,2,"2005-2010"
530,2,"2010-2015"
530,2,"2015-2020"
530,2,"2020-2025"
530,2,"2025-2030"
530,2,"2030-2035"
530,2,"2035-2040"
530,2,"2040-2045"
530,2,"2045-2050"
540,2,"1950-1955"
540,2,"1955-1960"
540,2,"1960-1965"
540,2,"1965-1970"
540,2,"1970-1975"
540,2,"1975-1980"
540,2,"1980-1985"
540,2,"1985-1990"
540,2,"1990-1995"
540,2,"1995-2000"
540,2,"2000-2005"
540,2,"2005-2010"
540,2,"2010-2015"
540,2,"2015-2020"
540,2,"2020-2025"
540,2,"2025-2030"
540,2,"2030-2035"
540,2,"2035-2040"
540,2,"2040-2045"
540,2,"2045-2050"
554,2,"1950-1955"
554,2,"1955-1960"
554,2,"1960-1965"
554,2,"1965-1970"
554,2,"1970-1975"
554,2,"1975-1980"
554,2,"1980-1985"
554,2,"1985-1990"
554,2,"1990-1995"
554,2,"1995-2000"
554,2,"2000-2005"
554,2,"2005-2010"
554,2,"2010-2015"
554,2,"2015-2020"
554,2,"2020-2025"
554,2,"2025-2030"
554,2,"2030-2035"
554,2,"2035-2040"
554,2,"2040-2045"
554,2,"2045-2050"
558,2,"1950-1955"
558,2,"1955-1960"
558,2,"1960-1965"
558,2,"1965-1970"
558,2,"1970-1975"
558,2,"1975-1980"
558,2,"1980-1985"
558,2,"1985-1990"
558,2,"1990-1995"
558,2,"1995-2000"
558,2,"2000-2005"
558,2,"2005-2010"
558,2,"2010-2015"
558,2,"2015-2020"
558,2,"2020-2025"
558,2,"2025-2030"
558,2,"2030-2035"
558,2,"2035-2040"
558,2,"2040-2045"
558,2,"2045-2050"
562,2,"1950-1955"
562,2,"1955-1960"
562,2,"1960-1965"
562,2,"1965-1970"
562,2,"1970-1975"
562,2,"1975-1980"
562,2,"1980-1985"
562,2,"1985-1990"
562,2,"1990-1995"
562,2,"1995-2000"
562,2,"2000-2005"
562,2,"2005-2010"
562,2,"2010-2015"
562,2,"2015-2020"
562,2,"2020-2025"
562,2,"2025-2030"
562,2,"2030-2035"
562,2,"2035-2040"
562,2,"2040-2045"
562,2,"2045-2050"
566,2,"1950-1955"
566,2,"1955-1960"
566,2,"1960-1965"
566,2,"1965-1970"
566,2,"1970-1975"
566,2,"1975-1980"
566,2,"1980-1985"
566,2,"1985-1990"
566,2,"1990-1995"
566,2,"1995-2000"
566,2,"2000-2005"
566,2,"2005-2010"
566,2,"2010-2015"
566,2,"2015-2020"
566,2,"2020-2025"
566,2,"2025-2030"
566,2,"2030-2035"
566,2,"2035-2040"
566,2,"2040-2045"
566,2,"2045-2050"
570,2,"1950-1955"
570,2,"1955-1960"
570,2,"1960-1965"
570,2,"1965-1970"
570,2,"1970-1975"
570,2,"1975-1980"
570,2,"1980-1985"
570,2,"1985-1990"
570,2,"1990-1995"
570,2,"1995-2000"
570,2,"2000-2005"
570,2,"2005-2010"
570,2,"2010-2015"
570,2,"2015-2020"
570,2,"2020-2025"
570,2,"2025-2030"
570,2,"2030-2035"
570,2,"2035-2040"
570,2,"2040-2045"
570,2,"2045-2050"
912,2,"1950-1955"
912,2,"1955-1960"
912,2,"1960-1965"
912,2,"1965-1970"
912,2,"1970-1975"
912,2,"1975-1980"
912,2,"1980-1985"
912,2,"1985-1990"
912,2,"1990-1995"
912,2,"1995-2000"
912,2,"2000-2005"
912,2,"2005-2010"
912,2,"2010-2015"
912,2,"2015-2020"
912,2,"2020-2025"
912,2,"2025-2030"
912,2,"2030-2035"
912,2,"2035-2040"
912,2,"2040-2045"
912,2,"2045-2050"
905,2,"1950-1955"
905,2,"1955-1960"
905,2,"1960-1965"
905,2,"1965-1970"
905,2,"1970-1975"
905,2,"1975-1980"
905,2,"1980-1985"
905,2,"1985-1990"
905,2,"1990-1995"
905,2,"1995-2000"
905,2,"2000-2005"
905,2,"2005-2010"
905,2,"2010-2015"
905,2,"2015-2020"
905,2,"2020-2025"
905,2,"2025-2030"
905,2,"2030-2035"
905,2,"2035-2040"
905,2,"2040-2045"
905,2,"2045-2050"
924,2,"1950-1955"
924,2,"1955-1960"
924,2,"1960-1965"
924,2,"1965-1970"
924,2,"1970-1975"
924,2,"1975-1980"
924,2,"1980-1985"
924,2,"1985-1990"
924,2,"1990-1995"
924,2,"1995-2000"
924,2,"2000-2005"
924,2,"2005-2010"
924,2,"2010-2015"
924,2,"2015-2020"
924,2,"2020-2025"
924,2,"2025-2030"
924,2,"2030-2035"
924,2,"2035-2040"
924,2,"2040-2045"
924,2,"2045-2050"
580,2,"1950-1955"
580,2,"1955-1960"
580,2,"1960-1965"
580,2,"1965-1970"
580,2,"1970-1975"
580,2,"1975-1980"
580,2,"1980-1985"
580,2,"1985-1990"
580,2,"1990-1995"
580,2,"1995-2000"
580,2,"2000-2005"
580,2,"2005-2010"
580,2,"2010-2015"
580,2,"2015-2020"
580,2,"2020-2025"
580,2,"2025-2030"
580,2,"2030-2035"
580,2,"2035-2040"
580,2,"2040-2045"
580,2,"2045-2050"
578,2,"1950-1955"
578,2,"1955-1960"
578,2,"1960-1965"
578,2,"1965-1970"
578,2,"1970-1975"
578,2,"1975-1980"
578,2,"1980-1985"
578,2,"1985-1990"
578,2,"1990-1995"
578,2,"1995-2000"
578,2,"2000-2005"
578,2,"2005-2010"
578,2,"2010-2015"
578,2,"2015-2020"
578,2,"2020-2025"
578,2,"2025-2030"
578,2,"2030-2035"
578,2,"2035-2040"
578,2,"2040-2045"
578,2,"2045-2050"
909,2,"1950-1955"
909,2,"1955-1960"
909,2,"1960-1965"
909,2,"1965-1970"
909,2,"1970-1975"
909,2,"1975-1980"
909,2,"1980-1985"
909,2,"1985-1990"
909,2,"1990-1995"
909,2,"1995-2000"
909,2,"2000-2005"
909,2,"2005-2010"
909,2,"2010-2015"
909,2,"2015-2020"
909,2,"2020-2025"
909,2,"2025-2030"
909,2,"2030-2035"
909,2,"2035-2040"
909,2,"2040-2045"
909,2,"2045-2050"
512,2,"1950-1955"
512,2,"1955-1960"
512,2,"1960-1965"
512,2,"1965-1970"
512,2,"1970-1975"
512,2,"1975-1980"
512,2,"1980-1985"
512,2,"1985-1990"
512,2,"1990-1995"
512,2,"1995-2000"
512,2,"2000-2005"
512,2,"2005-2010"
512,2,"2010-2015"
512,2,"2015-2020"
512,2,"2020-2025"
512,2,"2025-2030"
512,2,"2030-2035"
512,2,"2035-2040"
512,2,"2040-2045"
512,2,"2045-2050"
586,2,"1950-1955"
586,2,"1955-1960"
586,2,"1960-1965"
586,2,"1965-1970"
586,2,"1970-1975"
586,2,"1975-1980"
586,2,"1980-1985"
586,2,"1985-1990"
586,2,"1990-1995"
586,2,"1995-2000"
586,2,"2000-2005"
586,2,"2005-2010"
586,2,"2010-2015"
586,2,"2015-2020"
586,2,"2020-2025"
586,2,"2025-2030"
586,2,"2030-2035"
586,2,"2035-2040"
586,2,"2040-2045"
586,2,"2045-2050"
585,2,"1950-1955"
585,2,"1955-1960"
585,2,"1960-1965"
585,2,"1965-1970"
585,2,"1970-1975"
585,2,"1975-1980"
585,2,"1980-1985"
585,2,"1985-1990"
585,2,"1990-1995"
585,2,"1995-2000"
585,2,"2000-2005"
585,2,"2005-2010"
585,2,"2010-2015"
585,2,"2015-2020"
585,2,"2020-2025"
585,2,"2025-2030"
585,2,"2030-2035"
585,2,"2035-2040"
585,2,"2040-2045"
585,2,"2045-2050"
591,2,"1950-1955"
591,2,"1955-1960"
591,2,"1960-1965"
591,2,"1965-1970"
591,2,"1970-1975"
591,2,"1975-1980"
591,2,"1980-1985"
591,2,"1985-1990"
591,2,"1990-1995"
591,2,"1995-2000"
591,2,"2000-2005"
591,2,"2005-2010"
591,2,"2010-2015"
591,2,"2015-2020"
591,2,"2020-2025"
591,2,"2025-2030"
591,2,"2030-2035"
591,2,"2035-2040"
591,2,"2040-2045"
591,2,"2045-2050"
598,2,"1950-1955"
598,2,"1955-1960"
598,2,"1960-1965"
598,2,"1965-1970"
598,2,"1970-1975"
598,2,"1975-1980"
598,2,"1980-1985"
598,2,"1985-1990"
598,2,"1990-1995"
598,2,"1995-2000"
598,2,"2000-2005"
598,2,"2005-2010"
598,2,"2010-2015"
598,2,"2015-2020"
598,2,"2020-2025"
598,2,"2025-2030"
598,2,"2030-2035"
598,2,"2035-2040"
598,2,"2040-2045"
598,2,"2045-2050"
600,2,"1950-1955"
600,2,"1955-1960"
600,2,"1960-1965"
600,2,"1965-1970"
600,2,"1970-1975"
600,2,"1975-1980"
600,2,"1980-1985"
600,2,"1985-1990"
600,2,"1990-1995"
600,2,"1995-2000"
600,2,"2000-2005"
600,2,"2005-2010"
600,2,"2010-2015"
600,2,"2015-2020"
600,2,"2020-2025"
600,2,"2025-2030"
600,2,"2030-2035"
600,2,"2035-2040"
600,2,"2040-2045"
600,2,"2045-2050"
604,2,"1950-1955"
604,2,"1955-1960"
604,2,"1960-1965"
604,2,"1965-1970"
604,2,"1970-1975"
604,2,"1975-1980"
604,2,"1980-1985"
604,2,"1985-1990"
604,2,"1990-1995"
604,2,"1995-2000"
604,2,"2000-2005"
604,2,"2005-2010"
604,2,"2010-2015"
604,2,"2015-2020"
604,2,"2020-2025"
604,2,"2025-2030"
604,2,"2030-2035"
604,2,"2035-2040"
604,2,"2040-2045"
604,2,"2045-2050"
608,2,"1950-1955"
608,2,"1955-1960"
608,2,"1960-1965"
608,2,"1965-1970"
608,2,"1970-1975"
608,2,"1975-1980"
608,2,"1980-1985"
608,2,"1985-1990"
608,2,"1990-1995"
608,2,"1995-2000"
608,2,"2000-2005"
608,2,"2005-2010"
608,2,"2010-2015"
608,2,"2015-2020"
608,2,"2020-2025"
608,2,"2025-2030"
608,2,"2030-2035"
608,2,"2035-2040"
608,2,"2040-2045"
608,2,"2045-2050"
612,2,"1950-1955"
612,2,"1955-1960"
612,2,"1960-1965"
612,2,"1965-1970"
612,2,"1970-1975"
612,2,"1975-1980"
612,2,"1980-1985"
612,2,"1985-1990"
612,2,"1990-1995"
612,2,"1995-2000"
612,2,"2000-2005"
612,2,"2005-2010"
612,2,"2010-2015"
612,2,"2015-2020"
612,2,"2020-2025"
612,2,"2025-2030"
612,2,"2030-2035"
612,2,"2035-2040"
612,2,"2040-2045"
612,2,"2045-2050"
616,2,"1950-1955"
616,2,"1955-1960"
616,2,"1960-1965"
616,2,"1965-1970"
616,2,"1970-1975"
616,2,"1975-1980"
616,2,"1980-1985"
616,2,"1985-1990"
616,2,"1990-1995"
616,2,"1995-2000"
616,2,"2000-2005"
616,2,"2005-2010"
616,2,"2010-2015"
616,2,"2015-2020"
616,2,"2020-2025"
616,2,"2025-2030"
616,2,"2030-2035"
616,2,"2035-2040"
616,2,"2040-2045"
616,2,"2045-2050"
957,2,"1950-1955"
957,2,"1955-1960"
957,2,"1960-1965"
957,2,"1965-1970"
957,2,"1970-1975"
957,2,"1975-1980"
957,2,"1980-1985"
957,2,"1985-1990"
957,2,"1990-1995"
957,2,"1995-2000"
957,2,"2000-2005"
957,2,"2005-2010"
957,2,"2010-2015"
957,2,"2015-2020"
957,2,"2020-2025"
957,2,"2025-2030"
957,2,"2030-2035"
957,2,"2035-2040"
957,2,"2040-2045"
957,2,"2045-2050"
620,2,"1950-1955"
620,2,"1955-1960"
620,2,"1960-1965"
620,2,"1965-1970"
620,2,"1970-1975"
620,2,"1975-1980"
620,2,"1980-1985"
620,2,"1985-1990"
620,2,"1990-1995"
620,2,"1995-2000"
620,2,"2000-2005"
620,2,"2005-2010"
620,2,"2010-2015"
620,2,"2015-2020"
620,2,"2020-2025"
620,2,"2025-2030"
620,2,"2030-2035"
620,2,"2035-2040"
620,2,"2040-2045"
620,2,"2045-2050"
630,2,"1950-1955"
630,2,"1955-1960"
630,2,"1960-1965"
630,2,"1965-1970"
630,2,"1970-1975"
630,2,"1975-1980"
630,2,"1980-1985"
630,2,"1985-1990"
630,2,"1990-1995"
630,2,"1995-2000"
630,2,"2000-2005"
630,2,"2005-2010"
630,2,"2010-2015"
630,2,"2015-2020"
630,2,"2020-2025"
630,2,"2025-2030"
630,2,"2030-2035"
630,2,"2035-2040"
630,2,"2040-2045"
630,2,"2045-2050"
634,2,"1950-1955"
634,2,"1955-1960"
634,2,"1960-1965"
634,2,"1965-1970"
634,2,"1970-1975"
634,2,"1975-1980"
634,2,"1980-1985"
634,2,"1985-1990"
634,2,"1990-1995"
634,2,"1995-2000"
634,2,"2000-2005"
634,2,"2005-2010"
634,2,"2010-2015"
634,2,"2015-2020"
634,2,"2020-2025"
634,2,"2025-2030"
634,2,"2030-2035"
634,2,"2035-2040"
634,2,"2040-2045"
634,2,"2045-2050"
410,2,"1950-1955"
410,2,"1955-1960"
410,2,"1960-1965"
410,2,"1965-1970"
410,2,"1970-1975"
410,2,"1975-1980"
410,2,"1980-1985"
410,2,"1985-1990"
410,2,"1990-1995"
410,2,"1995-2000"
410,2,"2000-2005"
410,2,"2005-2010"
410,2,"2010-2015"
410,2,"2015-2020"
410,2,"2020-2025"
410,2,"2025-2030"
410,2,"2030-2035"
410,2,"2035-2040"
410,2,"2040-2045"
410,2,"2045-2050"
498,2,"1950-1955"
498,2,"1955-1960"
498,2,"1960-1965"
498,2,"1965-1970"
498,2,"1970-1975"
498,2,"1975-1980"
498,2,"1980-1985"
498,2,"1985-1990"
498,2,"1990-1995"
498,2,"1995-2000"
498,2,"2000-2005"
498,2,"2005-2010"
498,2,"2010-2015"
498,2,"2015-2020"
498,2,"2020-2025"
498,2,"2025-2030"
498,2,"2030-2035"
498,2,"2035-2040"
498,2,"2040-2045"
498,2,"2045-2050"
642,2,"1950-1955"
642,2,"1955-1960"
642,2,"1960-1965"
642,2,"1965-1970"
642,2,"1970-1975"
642,2,"1975-1980"
642,2,"1980-1985"
642,2,"1985-1990"
642,2,"1990-1995"
642,2,"1995-2000"
642,2,"2000-2005"
642,2,"2005-2010"
642,2,"2010-2015"
642,2,"2015-2020"
642,2,"2020-2025"
642,2,"2025-2030"
642,2,"2030-2035"
642,2,"2035-2040"
642,2,"2040-2045"
642,2,"2045-2050"
643,2,"1950-1955"
643,2,"1955-1960"
643,2,"1960-1965"
643,2,"1965-1970"
643,2,"1970-1975"
643,2,"1975-1980"
643,2,"1980-1985"
643,2,"1985-1990"
643,2,"1990-1995"
643,2,"1995-2000"
643,2,"2000-2005"
643,2,"2005-2010"
643,2,"2010-2015"
643,2,"2015-2020"
643,2,"2020-2025"
643,2,"2025-2030"
643,2,"2030-2035"
643,2,"2035-2040"
643,2,"2040-2045"
643,2,"2045-2050"
646,2,"1950-1955"
646,2,"1955-1960"
646,2,"1960-1965"
646,2,"1965-1970"
646,2,"1970-1975"
646,2,"1975-1980"
646,2,"1980-1985"
646,2,"1985-1990"
646,2,"1990-1995"
646,2,"1995-2000"
646,2,"2000-2005"
646,2,"2005-2010"
646,2,"2010-2015"
646,2,"2015-2020"
646,2,"2020-2025"
646,2,"2025-2030"
646,2,"2030-2035"
646,2,"2035-2040"
646,2,"2040-2045"
646,2,"2045-2050"
638,2,"1950-1955"
638,2,"1955-1960"
638,2,"1960-1965"
638,2,"1965-1970"
638,2,"1970-1975"
638,2,"1975-1980"
638,2,"1980-1985"
638,2,"1985-1990"
638,2,"1990-1995"
638,2,"1995-2000"
638,2,"2000-2005"
638,2,"2005-2010"
638,2,"2010-2015"
638,2,"2015-2020"
638,2,"2020-2025"
638,2,"2025-2030"
638,2,"2030-2035"
638,2,"2035-2040"
638,2,"2040-2045"
638,2,"2045-2050"
654,2,"1950-1955"
654,2,"1955-1960"
654,2,"1960-1965"
654,2,"1965-1970"
654,2,"1970-1975"
654,2,"1975-1980"
654,2,"1980-1985"
654,2,"1985-1990"
654,2,"1990-1995"
654,2,"1995-2000"
654,2,"2000-2005"
654,2,"2005-2010"
654,2,"2010-2015"
654,2,"2015-2020"
654,2,"2020-2025"
654,2,"2025-2030"
654,2,"2030-2035"
654,2,"2035-2040"
654,2,"2040-2045"
654,2,"2045-2050"
659,2,"1950-1955"
659,2,"1955-1960"
659,2,"1960-1965"
659,2,"1965-1970"
659,2,"1970-1975"
659,2,"1975-1980"
659,2,"1980-1985"
659,2,"1985-1990"
659,2,"1990-1995"
659,2,"1995-2000"
659,2,"2000-2005"
659,2,"2005-2010"
659,2,"2010-2015"
659,2,"2015-2020"
659,2,"2020-2025"
659,2,"2025-2030"
659,2,"2030-2035"
659,2,"2035-2040"
659,2,"2040-2045"
659,2,"2045-2050"
662,2,"1950-1955"
662,2,"1955-1960"
662,2,"1960-1965"
662,2,"1965-1970"
662,2,"1970-1975"
662,2,"1975-1980"
662,2,"1980-1985"
662,2,"1985-1990"
662,2,"1990-1995"
662,2,"1995-2000"
662,2,"2000-2005"
662,2,"2005-2010"
662,2,"2010-2015"
662,2,"2015-2020"
662,2,"2020-2025"
662,2,"2025-2030"
662,2,"2030-2035"
662,2,"2035-2040"
662,2,"2040-2045"
662,2,"2045-2050"
666,2,"1950-1955"
666,2,"1955-1960"
666,2,"1960-1965"
666,2,"1965-1970"
666,2,"1970-1975"
666,2,"1975-1980"
666,2,"1980-1985"
666,2,"1985-1990"
666,2,"1990-1995"
666,2,"1995-2000"
666,2,"2000-2005"
666,2,"2005-2010"
666,2,"2010-2015"
666,2,"2015-2020"
666,2,"2020-2025"
666,2,"2025-2030"
666,2,"2030-2035"
666,2,"2035-2040"
666,2,"2040-2045"
666,2,"2045-2050"
670,2,"1950-1955"
670,2,"1955-1960"
670,2,"1960-1965"
670,2,"1965-1970"
670,2,"1970-1975"
670,2,"1975-1980"
670,2,"1980-1985"
670,2,"1985-1990"
670,2,"1990-1995"
670,2,"1995-2000"
670,2,"2000-2005"
670,2,"2005-2010"
670,2,"2010-2015"
670,2,"2015-2020"
670,2,"2020-2025"
670,2,"2025-2030"
670,2,"2030-2035"
670,2,"2035-2040"
670,2,"2040-2045"
670,2,"2045-2050"
882,2,"1950-1955"
882,2,"1955-1960"
882,2,"1960-1965"
882,2,"1965-1970"
882,2,"1970-1975"
882,2,"1975-1980"
882,2,"1980-1985"
882,2,"1985-1990"
882,2,"1990-1995"
882,2,"1995-2000"
882,2,"2000-2005"
882,2,"2005-2010"
882,2,"2010-2015"
882,2,"2015-2020"
882,2,"2020-2025"
882,2,"2025-2030"
882,2,"2030-2035"
882,2,"2035-2040"
882,2,"2040-2045"
882,2,"2045-2050"
674,2,"1950-1955"
674,2,"1955-1960"
674,2,"1960-1965"
674,2,"1965-1970"
674,2,"1970-1975"
674,2,"1975-1980"
674,2,"1980-1985"
674,2,"1985-1990"
674,2,"1990-1995"
674,2,"1995-2000"
674,2,"2000-2005"
674,2,"2005-2010"
674,2,"2010-2015"
674,2,"2015-2020"
674,2,"2020-2025"
674,2,"2025-2030"
674,2,"2030-2035"
674,2,"2035-2040"
674,2,"2040-2045"
674,2,"2045-2050"
678,2,"1950-1955"
678,2,"1955-1960"
678,2,"1960-1965"
678,2,"1965-1970"
678,2,"1970-1975"
678,2,"1975-1980"
678,2,"1980-1985"
678,2,"1985-1990"
678,2,"1990-1995"
678,2,"1995-2000"
678,2,"2000-2005"
678,2,"2005-2010"
678,2,"2010-2015"
678,2,"2015-2020"
678,2,"2020-2025"
678,2,"2025-2030"
678,2,"2030-2035"
678,2,"2035-2040"
678,2,"2040-2045"
678,2,"2045-2050"
682,2,"1950-1955"
682,2,"1955-1960"
682,2,"1960-1965"
682,2,"1965-1970"
682,2,"1970-1975"
682,2,"1975-1980"
682,2,"1980-1985"
682,2,"1985-1990"
682,2,"1990-1995"
682,2,"1995-2000"
682,2,"2000-2005"
682,2,"2005-2010"
682,2,"2010-2015"
682,2,"2015-2020"
682,2,"2020-2025"
682,2,"2025-2030"
682,2,"2030-2035"
682,2,"2035-2040"
682,2,"2040-2045"
682,2,"2045-2050"
686,2,"1950-1955"
686,2,"1955-1960"
686,2,"1960-1965"
686,2,"1965-1970"
686,2,"1970-1975"
686,2,"1975-1980"
686,2,"1980-1985"
686,2,"1985-1990"
686,2,"1990-1995"
686,2,"1995-2000"
686,2,"2000-2005"
686,2,"2005-2010"
686,2,"2010-2015"
686,2,"2015-2020"
686,2,"2020-2025"
686,2,"2025-2030"
686,2,"2030-2035"
686,2,"2035-2040"
686,2,"2040-2045"
686,2,"2045-2050"
891,2,"1950-1955"
891,2,"1955-1960"
891,2,"1960-1965"
891,2,"1965-1970"
891,2,"1970-1975"
891,2,"1975-1980"
891,2,"1980-1985"
891,2,"1985-1990"
891,2,"1990-1995"
891,2,"1995-2000"
891,2,"2000-2005"
891,2,"2005-2010"
891,2,"2010-2015"
891,2,"2015-2020"
891,2,"2020-2025"
891,2,"2025-2030"
891,2,"2030-2035"
891,2,"2035-2040"
891,2,"2040-2045"
891,2,"2045-2050"
690,2,"1950-1955"
690,2,"1955-1960"
690,2,"1960-1965"
690,2,"1965-1970"
690,2,"1970-1975"
690,2,"1975-1980"
690,2,"1980-1985"
690,2,"1985-1990"
690,2,"1990-1995"
690,2,"1995-2000"
690,2,"2000-2005"
690,2,"2005-2010"
690,2,"2010-2015"
690,2,"2015-2020"
690,2,"2020-2025"
690,2,"2025-2030"
690,2,"2030-2035"
690,2,"2035-2040"
690,2,"2040-2045"
690,2,"2045-2050"
694,2,"1950-1955"
694,2,"1955-1960"
694,2,"1960-1965"
694,2,"1965-1970"
694,2,"1970-1975"
694,2,"1975-1980"
694,2,"1980-1985"
694,2,"1985-1990"
694,2,"1990-1995"
694,2,"1995-2000"
694,2,"2000-2005"
694,2,"2005-2010"
694,2,"2010-2015"
694,2,"2015-2020"
694,2,"2020-2025"
694,2,"2025-2030"
694,2,"2030-2035"
694,2,"2035-2040"
694,2,"2040-2045"
694,2,"2045-2050"
702,2,"1950-1955"
702,2,"1955-1960"
702,2,"1960-1965"
702,2,"1965-1970"
702,2,"1970-1975"
702,2,"1975-1980"
702,2,"1980-1985"
702,2,"1985-1990"
702,2,"1990-1995"
702,2,"1995-2000"
702,2,"2000-2005"
702,2,"2005-2010"
702,2,"2010-2015"
702,2,"2015-2020"
702,2,"2020-2025"
702,2,"2025-2030"
702,2,"2030-2035"
702,2,"2035-2040"
702,2,"2040-2045"
702,2,"2045-2050"
703,2,"1950-1955"
703,2,"1955-1960"
703,2,"1960-1965"
703,2,"1965-1970"
703,2,"1970-1975"
703,2,"1975-1980"
703,2,"1980-1985"
703,2,"1985-1990"
703,2,"1990-1995"
703,2,"1995-2000"
703,2,"2000-2005"
703,2,"2005-2010"
703,2,"2010-2015"
703,2,"2015-2020"
703,2,"2020-2025"
703,2,"2025-2030"
703,2,"2030-2035"
703,2,"2035-2040"
703,2,"2040-2045"
703,2,"2045-2050"
705,2,"1950-1955"
705,2,"1955-1960"
705,2,"1960-1965"
705,2,"1965-1970"
705,2,"1970-1975"
705,2,"1975-1980"
705,2,"1980-1985"
705,2,"1985-1990"
705,2,"1990-1995"
705,2,"1995-2000"
705,2,"2000-2005"
705,2,"2005-2010"
705,2,"2010-2015"
705,2,"2015-2020"
705,2,"2020-2025"
705,2,"2025-2030"
705,2,"2030-2035"
705,2,"2035-2040"
705,2,"2040-2045"
705,2,"2045-2050"
90,2,"1950-1955"
90,2,"1955-1960"
90,2,"1960-1965"
90,2,"1965-1970"
90,2,"1970-1975"
90,2,"1975-1980"
90,2,"1980-1985"
90,2,"1985-1990"
90,2,"1990-1995"
90,2,"1995-2000"
90,2,"2000-2005"
90,2,"2005-2010"
90,2,"2010-2015"
90,2,"2015-2020"
90,2,"2020-2025"
90,2,"2025-2030"
90,2,"2030-2035"
90,2,"2035-2040"
90,2,"2040-2045"
90,2,"2045-2050"
706,2,"1950-1955"
706,2,"1955-1960"
706,2,"1960-1965"
706,2,"1965-1970"
706,2,"1970-1975"
706,2,"1975-1980"
706,2,"1980-1985"
706,2,"1985-1990"
706,2,"1990-1995"
706,2,"1995-2000"
706,2,"2000-2005"
706,2,"2005-2010"
706,2,"2010-2015"
706,2,"2015-2020"
706,2,"2020-2025"
706,2,"2025-2030"
706,2,"2030-2035"
706,2,"2035-2040"
706,2,"2040-2045"
706,2,"2045-2050"
710,2,"1950-1955"
710,2,"1955-1960"
710,2,"1960-1965"
710,2,"1965-1970"
710,2,"1970-1975"
710,2,"1975-1980"
710,2,"1980-1985"
710,2,"1985-1990"
710,2,"1990-1995"
710,2,"1995-2000"
710,2,"2000-2005"
710,2,"2005-2010"
710,2,"2010-2015"
710,2,"2015-2020"
710,2,"2020-2025"
710,2,"2025-2030"
710,2,"2030-2035"
710,2,"2035-2040"
710,2,"2040-2045"
710,2,"2045-2050"
931,2,"1950-1955"
931,2,"1955-1960"
931,2,"1960-1965"
931,2,"1965-1970"
931,2,"1970-1975"
931,2,"1975-1980"
931,2,"1980-1985"
931,2,"1985-1990"
931,2,"1990-1995"
931,2,"1995-2000"
931,2,"2000-2005"
931,2,"2005-2010"
931,2,"2010-2015"
931,2,"2015-2020"
931,2,"2020-2025"
931,2,"2025-2030"
931,2,"2030-2035"
931,2,"2035-2040"
931,2,"2040-2045"
931,2,"2045-2050"
921,2,"1950-1955"
921,2,"1955-1960"
921,2,"1960-1965"
921,2,"1965-1970"
921,2,"1970-1975"
921,2,"1975-1980"
921,2,"1980-1985"
921,2,"1985-1990"
921,2,"1990-1995"
921,2,"1995-2000"
921,2,"2000-2005"
921,2,"2005-2010"
921,2,"2010-2015"
921,2,"2015-2020"
921,2,"2020-2025"
921,2,"2025-2030"
921,2,"2030-2035"
921,2,"2035-2040"
921,2,"2040-2045"
921,2,"2045-2050"
920,2,"1950-1955"
920,2,"1955-1960"
920,2,"1960-1965"
920,2,"1965-1970"
920,2,"1970-1975"
920,2,"1975-1980"
920,2,"1980-1985"
920,2,"1985-1990"
920,2,"1990-1995"
920,2,"1995-2000"
920,2,"2000-2005"
920,2,"2005-2010"
920,2,"2010-2015"
920,2,"2015-2020"
920,2,"2020-2025"
920,2,"2025-2030"
920,2,"2030-2035"
920,2,"2035-2040"
920,2,"2040-2045"
920,2,"2045-2050"
913,2,"1950-1955"
913,2,"1955-1960"
913,2,"1960-1965"
913,2,"1965-1970"
913,2,"1970-1975"
913,2,"1975-1980"
913,2,"1980-1985"
913,2,"1985-1990"
913,2,"1990-1995"
913,2,"1995-2000"
913,2,"2000-2005"
913,2,"2005-2010"
913,2,"2010-2015"
913,2,"2015-2020"
913,2,"2020-2025"
913,2,"2025-2030"
913,2,"2030-2035"
913,2,"2035-2040"
913,2,"2040-2045"
913,2,"2045-2050"
925,2,"1950-1955"
925,2,"1955-1960"
925,2,"1960-1965"
925,2,"1965-1970"
925,2,"1970-1975"
925,2,"1975-1980"
925,2,"1980-1985"
925,2,"1985-1990"
925,2,"1990-1995"
925,2,"1995-2000"
925,2,"2000-2005"
925,2,"2005-2010"
925,2,"2010-2015"
925,2,"2015-2020"
925,2,"2020-2025"
925,2,"2025-2030"
925,2,"2030-2035"
925,2,"2035-2040"
925,2,"2040-2045"
925,2,"2045-2050"
724,2,"1950-1955"
724,2,"1955-1960"
724,2,"1960-1965"
724,2,"1965-1970"
724,2,"1970-1975"
724,2,"1975-1980"
724,2,"1980-1985"
724,2,"1985-1990"
724,2,"1990-1995"
724,2,"1995-2000"
724,2,"2000-2005"
724,2,"2005-2010"
724,2,"2010-2015"
724,2,"2015-2020"
724,2,"2020-2025"
724,2,"2025-2030"
724,2,"2030-2035"
724,2,"2035-2040"
724,2,"2040-2045"
724,2,"2045-2050"
144,2,"1950-1955"
144,2,"1955-1960"
144,2,"1960-1965"
144,2,"1965-1970"
144,2,"1970-1975"
144,2,"1975-1980"
144,2,"1980-1985"
144,2,"1985-1990"
144,2,"1990-1995"
144,2,"1995-2000"
144,2,"2000-2005"
144,2,"2005-2010"
144,2,"2010-2015"
144,2,"2015-2020"
144,2,"2020-2025"
144,2,"2025-2030"
144,2,"2030-2035"
144,2,"2035-2040"
144,2,"2040-2045"
144,2,"2045-2050"
275,2,"1950-1955"
275,2,"1955-1960"
275,2,"1960-1965"
275,2,"1965-1970"
275,2,"1970-1975"
275,2,"1975-1980"
275,2,"1980-1985"
275,2,"1985-1990"
275,2,"1990-1995"
275,2,"1995-2000"
275,2,"2000-2005"
275,2,"2005-2010"
275,2,"2010-2015"
275,2,"2015-2020"
275,2,"2020-2025"
275,2,"2025-2030"
275,2,"2030-2035"
275,2,"2035-2040"
275,2,"2040-2045"
275,2,"2045-2050"
736,2,"1950-1955"
736,2,"1955-1960"
736,2,"1960-1965"
736,2,"1965-1970"
736,2,"1970-1975"
736,2,"1975-1980"
736,2,"1980-1985"
736,2,"1985-1990"
736,2,"1990-1995"
736,2,"1995-2000"
736,2,"2000-2005"
736,2,"2005-2010"
736,2,"2010-2015"
736,2,"2015-2020"
736,2,"2020-2025"
736,2,"2025-2030"
736,2,"2030-2035"
736,2,"2035-2040"
736,2,"2040-2045"
736,2,"2045-2050"
740,2,"1950-1955"
740,2,"1955-1960"
740,2,"1960-1965"
740,2,"1965-1970"
740,2,"1970-1975"
740,2,"1975-1980"
740,2,"1980-1985"
740,2,"1985-1990"
740,2,"1990-1995"
740,2,"1995-2000"
740,2,"2000-2005"
740,2,"2005-2010"
740,2,"2010-2015"
740,2,"2015-2020"
740,2,"2020-2025"
740,2,"2025-2030"
740,2,"2030-2035"
740,2,"2035-2040"
740,2,"2040-2045"
740,2,"2045-2050"
748,2,"1950-1955"
748,2,"1955-1960"
748,2,"1960-1965"
748,2,"1965-1970"
748,2,"1970-1975"
748,2,"1975-1980"
748,2,"1980-1985"
748,2,"1985-1990"
748,2,"1990-1995"
748,2,"1995-2000"
748,2,"2000-2005"
748,2,"2005-2010"
748,2,"2010-2015"
748,2,"2015-2020"
748,2,"2020-2025"
748,2,"2025-2030"
748,2,"2030-2035"
748,2,"2035-2040"
748,2,"2040-2045"
748,2,"2045-2050"
752,2,"1950-1955"
752,2,"1955-1960"
752,2,"1960-1965"
752,2,"1965-1970"
752,2,"1970-1975"
752,2,"1975-1980"
752,2,"1980-1985"
752,2,"1985-1990"
752,2,"1990-1995"
752,2,"1995-2000"
752,2,"2000-2005"
752,2,"2005-2010"
752,2,"2010-2015"
752,2,"2015-2020"
752,2,"2020-2025"
752,2,"2025-2030"
752,2,"2030-2035"
752,2,"2035-2040"
752,2,"2040-2045"
752,2,"2045-2050"
756,2,"1950-1955"
756,2,"1955-1960"
756,2,"1960-1965"
756,2,"1965-1970"
756,2,"1970-1975"
756,2,"1975-1980"
756,2,"1980-1985"
756,2,"1985-1990"
756,2,"1990-1995"
756,2,"1995-2000"
756,2,"2000-2005"
756,2,"2005-2010"
756,2,"2010-2015"
756,2,"2015-2020"
756,2,"2020-2025"
756,2,"2025-2030"
756,2,"2030-2035"
756,2,"2035-2040"
756,2,"2040-2045"
756,2,"2045-2050"
760,2,"1950-1955"
760,2,"1955-1960"
760,2,"1960-1965"
760,2,"1965-1970"
760,2,"1970-1975"
760,2,"1975-1980"
760,2,"1980-1985"
760,2,"1985-1990"
760,2,"1990-1995"
760,2,"1995-2000"
760,2,"2000-2005"
760,2,"2005-2010"
760,2,"2010-2015"
760,2,"2015-2020"
760,2,"2020-2025"
760,2,"2025-2030"
760,2,"2030-2035"
760,2,"2035-2040"
760,2,"2040-2045"
760,2,"2045-2050"
807,2,"1950-1955"
807,2,"1955-1960"
807,2,"1960-1965"
807,2,"1965-1970"
807,2,"1970-1975"
807,2,"1975-1980"
807,2,"1980-1985"
807,2,"1985-1990"
807,2,"1990-1995"
807,2,"1995-2000"
807,2,"2000-2005"
807,2,"2005-2010"
807,2,"2010-2015"
807,2,"2015-2020"
807,2,"2020-2025"
807,2,"2025-2030"
807,2,"2030-2035"
807,2,"2035-2040"
807,2,"2040-2045"
807,2,"2045-2050"
762,2,"1950-1955"
762,2,"1955-1960"
762,2,"1960-1965"
762,2,"1965-1970"
762,2,"1970-1975"
762,2,"1975-1980"
762,2,"1980-1985"
762,2,"1985-1990"
762,2,"1990-1995"
762,2,"1995-2000"
762,2,"2000-2005"
762,2,"2005-2010"
762,2,"2010-2015"
762,2,"2015-2020"
762,2,"2020-2025"
762,2,"2025-2030"
762,2,"2030-2035"
762,2,"2035-2040"
762,2,"2040-2045"
762,2,"2045-2050"
764,2,"1950-1955"
764,2,"1955-1960"
764,2,"1960-1965"
764,2,"1965-1970"
764,2,"1970-1975"
764,2,"1975-1980"
764,2,"1980-1985"
764,2,"1985-1990"
764,2,"1990-1995"
764,2,"1995-2000"
764,2,"2000-2005"
764,2,"2005-2010"
764,2,"2010-2015"
764,2,"2015-2020"
764,2,"2020-2025"
764,2,"2025-2030"
764,2,"2030-2035"
764,2,"2035-2040"
764,2,"2040-2045"
764,2,"2045-2050"
626,2,"1950-1955"
626,2,"1955-1960"
626,2,"1960-1965"
626,2,"1965-1970"
626,2,"1970-1975"
626,2,"1975-1980"
626,2,"1980-1985"
626,2,"1985-1990"
626,2,"1990-1995"
626,2,"1995-2000"
626,2,"2000-2005"
626,2,"2005-2010"
626,2,"2010-2015"
626,2,"2015-2020"
626,2,"2020-2025"
626,2,"2025-2030"
626,2,"2030-2035"
626,2,"2035-2040"
626,2,"2040-2045"
626,2,"2045-2050"
768,2,"1950-1955"
768,2,"1955-1960"
768,2,"1960-1965"
768,2,"1965-1970"
768,2,"1970-1975"
768,2,"1975-1980"
768,2,"1980-1985"
768,2,"1985-1990"
768,2,"1990-1995"
768,2,"1995-2000"
768,2,"2000-2005"
768,2,"2005-2010"
768,2,"2010-2015"
768,2,"2015-2020"
768,2,"2020-2025"
768,2,"2025-2030"
768,2,"2030-2035"
768,2,"2035-2040"
768,2,"2040-2045"
768,2,"2045-2050"
772,2,"1950-1955"
772,2,"1955-1960"
772,2,"1960-1965"
772,2,"1965-1970"
772,2,"1970-1975"
772,2,"1975-1980"
772,2,"1980-1985"
772,2,"1985-1990"
772,2,"1990-1995"
772,2,"1995-2000"
772,2,"2000-2005"
772,2,"2005-2010"
772,2,"2010-2015"
772,2,"2015-2020"
772,2,"2020-2025"
772,2,"2025-2030"
772,2,"2030-2035"
772,2,"2035-2040"
772,2,"2040-2045"
772,2,"2045-2050"
776,2,"1950-1955"
776,2,"1955-1960"
776,2,"1960-1965"
776,2,"1965-1970"
776,2,"1970-1975"
776,2,"1975-1980"
776,2,"1980-1985"
776,2,"1985-1990"
776,2,"1990-1995"
776,2,"1995-2000"
776,2,"2000-2005"
776,2,"2005-2010"
776,2,"2010-2015"
776,2,"2015-2020"
776,2,"2020-2025"
776,2,"2025-2030"
776,2,"2030-2035"
776,2,"2035-2040"
776,2,"2040-2045"
776,2,"2045-2050"
780,2,"1950-1955"
780,2,"1955-1960"
780,2,"1960-1965"
780,2,"1965-1970"
780,2,"1970-1975"
780,2,"1975-1980"
780,2,"1980-1985"
780,2,"1985-1990"
780,2,"1990-1995"
780,2,"1995-2000"
780,2,"2000-2005"
780,2,"2005-2010"
780,2,"2010-2015"
780,2,"2015-2020"
780,2,"2020-2025"
780,2,"2025-2030"
780,2,"2030-2035"
780,2,"2035-2040"
780,2,"2040-2045"
780,2,"2045-2050"
788,2,"1950-1955"
788,2,"1955-1960"
788,2,"1960-1965"
788,2,"1965-1970"
788,2,"1970-1975"
788,2,"1975-1980"
788,2,"1980-1985"
788,2,"1985-1990"
788,2,"1990-1995"
788,2,"1995-2000"
788,2,"2000-2005"
788,2,"2005-2010"
788,2,"2010-2015"
788,2,"2015-2020"
788,2,"2020-2025"
788,2,"2025-2030"
788,2,"2030-2035"
788,2,"2035-2040"
788,2,"2040-2045"
788,2,"2045-2050"
792,2,"1950-1955"
792,2,"1955-1960"
792,2,"1960-1965"
792,2,"1965-1970"
792,2,"1970-1975"
792,2,"1975-1980"
792,2,"1980-1985"
792,2,"1985-1990"
792,2,"1990-1995"
792,2,"1995-2000"
792,2,"2000-2005"
792,2,"2005-2010"
792,2,"2010-2015"
792,2,"2015-2020"
792,2,"2020-2025"
792,2,"2025-2030"
792,2,"2030-2035"
792,2,"2035-2040"
792,2,"2040-2045"
792,2,"2045-2050"
795,2,"1950-1955"
795,2,"1955-1960"
795,2,"1960-1965"
795,2,"1965-1970"
795,2,"1970-1975"
795,2,"1975-1980"
795,2,"1980-1985"
795,2,"1985-1990"
795,2,"1990-1995"
795,2,"1995-2000"
795,2,"2000-2005"
795,2,"2005-2010"
795,2,"2010-2015"
795,2,"2015-2020"
795,2,"2020-2025"
795,2,"2025-2030"
795,2,"2030-2035"
795,2,"2035-2040"
795,2,"2040-2045"
795,2,"2045-2050"
796,2,"1950-1955"
796,2,"1955-1960"
796,2,"1960-1965"
796,2,"1965-1970"
796,2,"1970-1975"
796,2,"1975-1980"
796,2,"1980-1985"
796,2,"1985-1990"
796,2,"1990-1995"
796,2,"1995-2000"
796,2,"2000-2005"
796,2,"2005-2010"
796,2,"2010-2015"
796,2,"2015-2020"
796,2,"2020-2025"
796,2,"2025-2030"
796,2,"2030-2035"
796,2,"2035-2040"
796,2,"2040-2045"
796,2,"2045-2050"
798,2,"1950-1955"
798,2,"1955-1960"
798,2,"1960-1965"
798,2,"1965-1970"
798,2,"1970-1975"
798,2,"1975-1980"
798,2,"1980-1985"
798,2,"1985-1990"
798,2,"1990-1995"
798,2,"1995-2000"
798,2,"2000-2005"
798,2,"2005-2010"
798,2,"2010-2015"
798,2,"2015-2020"
798,2,"2020-2025"
798,2,"2025-2030"
798,2,"2030-2035"
798,2,"2035-2040"
798,2,"2040-2045"
798,2,"2045-2050"
800,2,"1950-1955"
800,2,"1955-1960"
800,2,"1960-1965"
800,2,"1965-1970"
800,2,"1970-1975"
800,2,"1975-1980"
800,2,"1980-1985"
800,2,"1985-1990"
800,2,"1990-1995"
800,2,"1995-2000"
800,2,"2000-2005"
800,2,"2005-2010"
800,2,"2010-2015"
800,2,"2015-2020"
800,2,"2020-2025"
800,2,"2025-2030"
800,2,"2030-2035"
800,2,"2035-2040"
800,2,"2040-2045"
800,2,"2045-2050"
804,2,"1950-1955"
804,2,"1955-1960"
804,2,"1960-1965"
804,2,"1965-1970"
804,2,"1970-1975"
804,2,"1975-1980"
804,2,"1980-1985"
804,2,"1985-1990"
804,2,"1990-1995"
804,2,"1995-2000"
804,2,"2000-2005"
804,2,"2005-2010"
804,2,"2010-2015"
804,2,"2015-2020"
804,2,"2020-2025"
804,2,"2025-2030"
804,2,"2030-2035"
804,2,"2035-2040"
804,2,"2040-2045"
804,2,"2045-2050"
784,2,"1950-1955"
784,2,"1955-1960"
784,2,"1960-1965"
784,2,"1965-1970"
784,2,"1970-1975"
784,2,"1975-1980"
784,2,"1980-1985"
784,2,"1985-1990"
784,2,"1990-1995"
784,2,"1995-2000"
784,2,"2000-2005"
784,2,"2005-2010"
784,2,"2010-2015"
784,2,"2015-2020"
784,2,"2020-2025"
784,2,"2025-2030"
784,2,"2030-2035"
784,2,"2035-2040"
784,2,"2040-2045"
784,2,"2045-2050"
826,2,"1950-1955"
826,2,"1955-1960"
826,2,"1960-1965"
826,2,"1965-1970"
826,2,"1970-1975"
826,2,"1975-1980"
826,2,"1980-1985"
826,2,"1985-1990"
826,2,"1990-1995"
826,2,"1995-2000"
826,2,"2000-2005"
826,2,"2005-2010"
826,2,"2010-2015"
826,2,"2015-2020"
826,2,"2020-2025"
826,2,"2025-2030"
826,2,"2030-2035"
826,2,"2035-2040"
826,2,"2040-2045"
826,2,"2045-2050"
834,2,"1950-1955"
834,2,"1955-1960"
834,2,"1960-1965"
834,2,"1965-1970"
834,2,"1970-1975"
834,2,"1975-1980"
834,2,"1980-1985"
834,2,"1985-1990"
834,2,"1990-1995"
834,2,"1995-2000"
834,2,"2000-2005"
834,2,"2005-2010"
834,2,"2010-2015"
834,2,"2015-2020"
834,2,"2020-2025"
834,2,"2025-2030"
834,2,"2030-2035"
834,2,"2035-2040"
834,2,"2040-2045"
834,2,"2045-2050"
850,2,"1950-1955"
850,2,"1955-1960"
850,2,"1960-1965"
850,2,"1965-1970"
850,2,"1970-1975"
850,2,"1975-1980"
850,2,"1980-1985"
850,2,"1985-1990"
850,2,"1990-1995"
850,2,"1995-2000"
850,2,"2000-2005"
850,2,"2005-2010"
850,2,"2010-2015"
850,2,"2015-2020"
850,2,"2020-2025"
850,2,"2025-2030"
850,2,"2030-2035"
850,2,"2035-2040"
850,2,"2040-2045"
850,2,"2045-2050"
840,2,"1950-1955"
840,2,"1955-1960"
840,2,"1960-1965"
840,2,"1965-1970"
840,2,"1970-1975"
840,2,"1975-1980"
840,2,"1980-1985"
840,2,"1985-1990"
840,2,"1990-1995"
840,2,"1995-2000"
840,2,"2000-2005"
840,2,"2005-2010"
840,2,"2010-2015"
840,2,"2015-2020"
840,2,"2020-2025"
840,2,"2025-2030"
840,2,"2030-2035"
840,2,"2035-2040"
840,2,"2040-2045"
840,2,"2045-2050"
858,2,"1950-1955"
858,2,"1955-1960"
858,2,"1960-1965"
858,2,"1965-1970"
858,2,"1970-1975"
858,2,"1975-1980"
858,2,"1980-1985"
858,2,"1985-1990"
858,2,"1990-1995"
858,2,"1995-2000"
858,2,"2000-2005"
858,2,"2005-2010"
858,2,"2010-2015"
858,2,"2015-2020"
858,2,"2020-2025"
858,2,"2025-2030"
858,2,"2030-2035"
858,2,"2035-2040"
858,2,"2040-2045"
858,2,"2045-2050"
860,2,"1950-1955"
860,2,"1955-1960"
860,2,"1960-1965"
860,2,"1965-1970"
860,2,"1970-1975"
860,2,"1975-1980"
860,2,"1980-1985"
860,2,"1985-1990"
860,2,"1990-1995"
860,2,"1995-2000"
860,2,"2000-2005"
860,2,"2005-2010"
860,2,"2010-2015"
860,2,"2015-2020"
860,2,"2020-2025"
860,2,"2025-2030"
860,2,"2030-2035"
860,2,"2035-2040"
860,2,"2040-2045"
860,2,"2045-2050"
548,2,"1950-1955"
548,2,"1955-1960"
548,2,"1960-1965"
548,2,"1965-1970"
548,2,"1970-1975"
548,2,"1975-1980"
548,2,"1980-1985"
548,2,"1985-1990"
548,2,"1990-1995"
548,2,"1995-2000"
548,2,"2000-2005"
548,2,"2005-2010"
548,2,"2010-2015"
548,2,"2015-2020"
548,2,"2020-2025"
548,2,"2025-2030"
548,2,"2030-2035"
548,2,"2035-2040"
548,2,"2040-2045"
548,2,"2045-2050"
862,2,"1950-1955"
862,2,"1955-1960"
862,2,"1960-1965"
862,2,"1965-1970"
862,2,"1970-1975"
862,2,"1975-1980"
862,2,"1980-1985"
862,2,"1985-1990"
862,2,"1990-1995"
862,2,"1995-2000"
862,2,"2000-2005"
862,2,"2005-2010"
862,2,"2010-2015"
862,2,"2015-2020"
862,2,"2020-2025"
862,2,"2025-2030"
862,2,"2030-2035"
862,2,"2035-2040"
862,2,"2040-2045"
862,2,"2045-2050"
704,2,"1950-1955"
704,2,"1955-1960"
704,2,"1960-1965"
704,2,"1965-1970"
704,2,"1970-1975"
704,2,"1975-1980"
704,2,"1980-1985"
704,2,"1985-1990"
704,2,"1990-1995"
704,2,"1995-2000"
704,2,"2000-2005"
704,2,"2005-2010"
704,2,"2010-2015"
704,2,"2015-2020"
704,2,"2020-2025"
704,2,"2025-2030"
704,2,"2030-2035"
704,2,"2035-2040"
704,2,"2040-2045"
704,2,"2045-2050"
876,2,"1950-1955"
876,2,"1955-1960"
876,2,"1960-1965"
876,2,"1965-1970"
876,2,"1970-1975"
876,2,"1975-1980"
876,2,"1980-1985"
876,2,"1985-1990"
876,2,"1990-1995"
876,2,"1995-2000"
876,2,"2000-2005"
876,2,"2005-2010"
876,2,"2010-2015"
876,2,"2015-2020"
876,2,"2020-2025"
876,2,"2025-2030"
876,2,"2030-2035"
876,2,"2035-2040"
876,2,"2040-2045"
876,2,"2045-2050"
914,2,"1950-1955"
914,2,"1955-1960"
914,2,"1960-1965"
914,2,"1965-1970"
914,2,"1970-1975"
914,2,"1975-1980"
914,2,"1980-1985"
914,2,"1985-1990"
914,2,"1990-1995"
914,2,"1995-2000"
914,2,"2000-2005"
914,2,"2005-2010"
914,2,"2010-2015"
914,2,"2015-2020"
914,2,"2020-2025"
914,2,"2025-2030"
914,2,"2030-2035"
914,2,"2035-2040"
914,2,"2040-2045"
914,2,"2045-2050"
922,2,"1950-1955"
922,2,"1955-1960"
922,2,"1960-1965"
922,2,"1965-1970"
922,2,"1970-1975"
922,2,"1975-1980"
922,2,"1980-1985"
922,2,"1985-1990"
922,2,"1990-1995"
922,2,"1995-2000"
922,2,"2000-2005"
922,2,"2005-2010"
922,2,"2010-2015"
922,2,"2015-2020"
922,2,"2020-2025"
922,2,"2025-2030"
922,2,"2030-2035"
922,2,"2035-2040"
922,2,"2040-2045"
922,2,"2045-2050"
926,2,"1950-1955"
926,2,"1955-1960"
926,2,"1960-1965"
926,2,"1965-1970"
926,2,"1970-1975"
926,2,"1975-1980"
926,2,"1980-1985"
926,2,"1985-1990"
926,2,"1990-1995"
926,2,"1995-2000"
926,2,"2000-2005"
926,2,"2005-2010"
926,2,"2010-2015"
926,2,"2015-2020"
926,2,"2020-2025"
926,2,"2025-2030"
926,2,"2030-2035"
926,2,"2035-2040"
926,2,"2040-2045"
926,2,"2045-2050"
732,2,"1950-1955"
732,2,"1955-1960"
732,2,"1960-1965"
732,2,"1965-1970"
732,2,"1970-1975"
732,2,"1975-1980"
732,2,"1980-1985"
732,2,"1985-1990"
732,2,"1990-1995"
732,2,"1995-2000"
732,2,"2000-2005"
732,2,"2005-2010"
732,2,"2010-2015"
732,2,"2015-2020"
732,2,"2020-2025"
732,2,"2025-2030"
732,2,"2030-2035"
732,2,"2035-2040"
732,2,"2040-2045"
732,2,"2045-2050"
900,2,"1950-1955"
900,2,"1955-1960"
900,2,"1960-1965"
900,2,"1965-1970"
900,2,"1970-1975"
900,2,"1975-1980"
900,2,"1980-1985"
900,2,"1985-1990"
900,2,"1990-1995"
900,2,"1995-2000"
900,2,"2000-2005"
900,2,"2005-2010"
900,2,"2010-2015"
900,2,"2015-2020"
900,2,"2020-2025"
900,2,"2025-2030"
900,2,"2030-2035"
900,2,"2035-2040"
900,2,"2040-2045"
900,2,"2045-2050"
887,2,"1950-1955"
887,2,"1955-1960"
887,2,"1960-1965"
887,2,"1965-1970"
887,2,"1970-1975"
887,2,"1975-1980"
887,2,"1980-1985"
887,2,"1985-1990"
887,2,"1990-1995"
887,2,"1995-2000"
887,2,"2000-2005"
887,2,"2005-2010"
887,2,"2010-2015"
887,2,"2015-2020"
887,2,"2020-2025"
887,2,"2025-2030"
887,2,"2030-2035"
887,2,"2035-2040"
887,2,"2040-2045"
887,2,"2045-2050"
894,2,"1950-1955"
894,2,"1955-1960"
894,2,"1960-1965"
894,2,"1965-1970"
894,2,"1970-1975"
894,2,"1975-1980"
894,2,"1980-1985"
894,2,"1985-1990"
894,2,"1990-1995"
894,2,"1995-2000"
894,2,"2000-2005"
894,2,"2005-2010"
894,2,"2010-2015"
894,2,"2015-2020"
894,2,"2020-2025"
894,2,"2025-2030"
894,2,"2030-2035"
894,2,"2035-2040"
894,2,"2040-2045"
894,2,"2045-2050"
716,2,"1950-1955"
716,2,"1955-1960"
716,2,"1960-1965"
716,2,"1965-1970"
716,2,"1970-1975"
716,2,"1975-1980"
716,2,"1980-1985"
716,2,"1985-1990"
716,2,"1990-1995"
716,2,"1995-2000"
716,2,"2000-2005"
716,2,"2005-2010"
716,2,"2010-2015"
716,2,"2015-2020"
716,2,"2020-2025"
716,2,"2025-2030"
716,2,"2030-2035"
716,2,"2035-2040"
716,2,"2040-2045"
716,2,"2045-2050"
